{
 "files": [
  {
   "format": 1, 
   "ftype": "dir", 
   "chksum_sha256": null, 
   "name": ".", 
   "chksum_type": null
  }, 
  {
   "ftype": "file", 
   "chksum_sha256": "7c50cd9b85e2b7eebaea2b5618b402862b01d5a66befff8e41401ef3f14e471a", 
   "name": "COPYING", 
   "chksum_type": "sha256", 
   "format": 1
  }, 
  {
   "ftype": "file", 
   "chksum_sha256": "d7b6355e6de4e517354c6d2999d9248116f59e65c6c7e5cc3189c61ef50c21e6", 
   "name": "README.md", 
   "chksum_type": "sha256", 
   "format": 1
  }, 
  {
   "ftype": "file", 
   "chksum_sha256": "8cafebb5981b7268d8210d204f4211f7b49287d0f60519236c57e3406d7cbb97", 
   "name": "TESTING.md", 
   "chksum_type": "sha256", 
   "format": 1
  }, 
  {
   "ftype": "dir", 
   "chksum_sha256": null, 
   "name": "images", 
   "chksum_type": null, 
   "format": 1
  }, 
  {
   "ftype": "file", 
   "chksum_sha256": "6367684c4b5edd3e1e8fdcb9270d68ca54040d5d17108734f3d3a2b9df5878ba", 
   "name": "images/completeness_test_output.png", 
   "chksum_type": "sha256", 
   "format": 1
  }, 
  {
   "ftype": "dir", 
   "chksum_sha256": null, 
   "name": "meta", 
   "chksum_type": null, 
   "format": 1
  }, 
  {
   "ftype": "file", 
   "chksum_sha256": "e4f289474cccf777e14ed3082b831b574d1b02af86b4779f1c317979e17a5c79", 
   "name": "meta/runtime.yml", 
   "chksum_type": "sha256", 
   "format": 1
  }, 
  {
   "ftype": "dir", 
   "chksum_sha256": null, 
   "name": "plugins", 
   "chksum_type": null, 
   "format": 1
  }, 
  {
   "ftype": "dir", 
   "chksum_sha256": null, 
   "name": "plugins/doc_fragments", 
   "chksum_type": null, 
   "format": 1
  }, 
  {
   "ftype": "file", 
   "chksum_sha256": "6e634309c8f283d0030b46de0f470fc57e5bb8b58ca59851b4956baed2423c7d", 
   "name": "plugins/doc_fragments/auth.py", 
   "chksum_type": "sha256", 
   "format": 1
  }, 
  {
   "ftype": "file", 
   "chksum_sha256": "c2f10b81ecb89088c7c295430d4a71de26e3700b26e8344cdc7950908a738fd3", 
   "name": "plugins/doc_fragments/auth_legacy.py", 
   "chksum_type": "sha256", 
   "format": 1
  }, 
  {
   "ftype": "file", 
   "chksum_sha256": "af59450a553419b82f3f2835aecdc45694fa54d50845c36180bf8b10667355dd", 
   "name": "plugins/doc_fragments/auth_plugin.py", 
   "chksum_type": "sha256", 
   "format": 1
  }, 
  {
   "ftype": "dir", 
   "chksum_sha256": null, 
   "name": "plugins/inventory", 
   "chksum_type": null, 
   "format": 1
  }, 
  {
   "ftype": "file", 
   "chksum_sha256": "90edd14d402280e5568ae3edc80901f4a85fada82a3b8eb42cac0af5e137afcb", 
   "name": "plugins/inventory/tower.py", 
   "chksum_type": "sha256", 
   "format": 1
  }, 
  {
   "ftype": "dir", 
   "chksum_sha256": null, 
   "name": "plugins/lookup", 
   "chksum_type": null, 
   "format": 1
  }, 
  {
   "ftype": "file", 
   "chksum_sha256": "78df6be199ae6b8fe03c555f3023d1071ae69d5733e55c9540b17542c3f515ce", 
   "name": "plugins/lookup/tower_api.py", 
   "chksum_type": "sha256", 
   "format": 1
  }, 
  {
   "ftype": "file", 
   "chksum_sha256": "2c7a0d937828cdc5a3c964f90cd6edf1f6e7859b694c41236703cbd5c36e21bd", 
   "name": "plugins/lookup/tower_schedule_rrule.py", 
   "chksum_type": "sha256", 
   "format": 1
  }, 
  {
   "ftype": "dir", 
   "chksum_sha256": null, 
   "name": "plugins/module_utils", 
   "chksum_type": null, 
   "format": 1
  }, 
  {
   "ftype": "file", 
   "chksum_sha256": "d2d9194836c344850f629b79cc5fa014afbe049aa15148b6c9502c4d927b84ed", 
   "name": "plugins/module_utils/tower_api.py", 
   "chksum_type": "sha256", 
   "format": 1
  }, 
  {
   "ftype": "file", 
   "chksum_sha256": "096aaa68e0b8a81d91f63e0be593cf769de3c301e9ea5077eae5adcf77d7ebc6", 
   "name": "plugins/module_utils/tower_awxkit.py", 
   "chksum_type": "sha256", 
   "format": 1
  }, 
  {
   "ftype": "file", 
   "chksum_sha256": "1caa9d024744bd315ef965b6ac0c2ba8dd047c7c5c8710c0157bc09738b90ff6", 
   "name": "plugins/module_utils/tower_legacy.py", 
   "chksum_type": "sha256", 
   "format": 1
  }, 
  {
   "ftype": "file", 
   "chksum_sha256": "a96f2948394c7fd30714e68ec14fca93355442e382ed443c8fce28a7e1b822c4", 
   "name": "plugins/module_utils/tower_module.py", 
   "chksum_type": "sha256", 
   "format": 1
  }, 
  {
   "ftype": "dir", 
   "chksum_sha256": null, 
   "name": "plugins/modules", 
   "chksum_type": null, 
   "format": 1
  }, 
  {
   "ftype": "file", 
   "chksum_sha256": "e3b0c44298fc1c149afbf4c8996fb92427ae41e4649b934ca495991b7852b855", 
   "name": "plugins/modules/__init__.py", 
   "chksum_type": "sha256", 
   "format": 1
  }, 
  {
   "ftype": "file", 
   "chksum_sha256": "0ac76cbe348274a61c6d5073ea50d4b47f8c2f33ffc1402e6f704499a9bad574", 
   "name": "plugins/modules/tower_ad_hoc_command.py", 
   "chksum_type": "sha256", 
   "format": 1
  }, 
  {
   "ftype": "file", 
   "chksum_sha256": "3eb2ec86077832c6d502924ca1f07b12cd963837a147576bbc6bac7c0e52b12b", 
   "name": "plugins/modules/tower_ad_hoc_command_cancel.py", 
   "chksum_type": "sha256", 
   "format": 1
  }, 
  {
   "ftype": "file", 
   "chksum_sha256": "eb789bd9f52b204aab5a5eb0ba0c5a135d75c506bb8511fcf69867e44fc2d58d", 
   "name": "plugins/modules/tower_ad_hoc_command_wait.py", 
   "chksum_type": "sha256", 
   "format": 1
  }, 
  {
   "ftype": "file", 
   "chksum_sha256": "3f87775bb2d91e6a49f502ce6fab2f57574c446cad95abaab1c93345fcf5f1e5", 
   "name": "plugins/modules/tower_application.py", 
   "chksum_type": "sha256", 
   "format": 1
  }, 
  {
   "ftype": "file", 
   "chksum_sha256": "49c328ce45203ada354a9c53a61d32637aa53a43e21019d2789f9c182a7ec63d", 
   "name": "plugins/modules/tower_credential.py", 
   "chksum_type": "sha256", 
   "format": 1
  }, 
  {
   "ftype": "file", 
   "chksum_sha256": "2589fcd33dc9201bd4210dbad455ac55aaac289d6293064edbb9fc7373f17c60", 
   "name": "plugins/modules/tower_credential_input_source.py", 
   "chksum_type": "sha256", 
   "format": 1
  }, 
  {
   "ftype": "file", 
   "chksum_sha256": "00ab14d2a38ade68c069e9a3751a4abd55cfafff385e5fe6e44d031478b48d07", 
   "name": "plugins/modules/tower_credential_type.py", 
   "chksum_type": "sha256", 
   "format": 1
  }, 
  {
   "ftype": "file", 
   "chksum_sha256": "59c1e39becd09f485a5c07b4e0b7c2a7dea66811de069e858b5930b96f2b3c5b", 
   "name": "plugins/modules/tower_execution_environment.py", 
   "chksum_type": "sha256", 
   "format": 1
  }, 
  {
   "ftype": "file", 
   "chksum_sha256": "a75a07b833714a825e5cbee1c8a8c7b4e2c8d98f973b1f1e7de70945209df129", 
   "name": "plugins/modules/tower_export.py", 
   "chksum_type": "sha256", 
   "format": 1
  }, 
  {
   "ftype": "file", 
   "chksum_sha256": "f1f0f213d909d24648c92437c7f8c34345081baa54dbbbdad1d7ba63c29ce7b3", 
   "name": "plugins/modules/tower_group.py", 
   "chksum_type": "sha256", 
   "format": 1
  }, 
  {
   "ftype": "file", 
   "chksum_sha256": "3ed98b73d713144695719a098e5864c14c99da1cbfbd8b5957ba8acfd5f55092", 
   "name": "plugins/modules/tower_host.py", 
   "chksum_type": "sha256", 
   "format": 1
  }, 
  {
   "ftype": "file", 
   "chksum_sha256": "2ae32bcc610c63c3994d8d2db31cdf6467c2747b02bdcff1cfe4aaa09a1b70eb", 
   "name": "plugins/modules/tower_import.py", 
   "chksum_type": "sha256", 
   "format": 1
  }, 
  {
   "ftype": "file", 
   "chksum_sha256": "7454386772fc05e1dbe77cda1749809d076a3d5cbe9b0013f6de77067082a477", 
   "name": "plugins/modules/tower_instance_group.py", 
   "chksum_type": "sha256", 
   "format": 1
  }, 
  {
   "ftype": "file", 
   "chksum_sha256": "960aabaa14b7bbbaca14290126d7f721730520805285285b2e4532de13bf2464", 
   "name": "plugins/modules/tower_inventory.py", 
   "chksum_type": "sha256", 
   "format": 1
  }, 
  {
   "ftype": "file", 
   "chksum_sha256": "937b47000a03041a797784b982c9e139a6cea4ac638af6fe893b7c109de0f719", 
   "name": "plugins/modules/tower_inventory_source.py", 
   "chksum_type": "sha256", 
   "format": 1
  }, 
  {
   "ftype": "file", 
   "chksum_sha256": "f4ce7664a5e6678f2bf3820a114c9781e10a3c83f8784ceb4ac21886bcfe044b", 
   "name": "plugins/modules/tower_inventory_source_update.py", 
   "chksum_type": "sha256", 
   "format": 1
  }, 
  {
   "ftype": "file", 
   "chksum_sha256": "d882a60d28a24384bebeca4eafcbc66ee685435d97278b373d60b151186eb371", 
   "name": "plugins/modules/tower_job_cancel.py", 
   "chksum_type": "sha256", 
   "format": 1
  }, 
  {
   "ftype": "file", 
   "chksum_sha256": "9d572e728d0ebd198ebc978c088f410986d7618e9635596d76c57b9498bcceba", 
   "name": "plugins/modules/tower_job_launch.py", 
   "chksum_type": "sha256", 
   "format": 1
  }, 
  {
   "ftype": "file", 
   "chksum_sha256": "93c4ee9b52ce9fd4f30c47a41b82e13b76cbad18c38140e12417609d19851a0c", 
   "name": "plugins/modules/tower_job_list.py", 
   "chksum_type": "sha256", 
   "format": 1
  }, 
  {
   "ftype": "file", 
   "chksum_sha256": "cd72408c0c2bf218e4e76e3afa880829404afe90b2b5f36479f77966e6991e2d", 
   "name": "plugins/modules/tower_job_template.py", 
   "chksum_type": "sha256", 
   "format": 1
  }, 
  {
   "ftype": "file", 
   "chksum_sha256": "a44e6b727cdeb8cf8c94ca92e6ad9997e02d993f5b838063fb872c81d797ca68", 
   "name": "plugins/modules/tower_job_wait.py", 
   "chksum_type": "sha256", 
   "format": 1
  }, 
  {
   "ftype": "file", 
   "chksum_sha256": "13e6c0a2c9527951c869af8566720a593723507cf7deac586c1e22c4f20bb20b", 
   "name": "plugins/modules/tower_label.py", 
   "chksum_type": "sha256", 
   "format": 1
  }, 
  {
   "ftype": "file", 
   "chksum_sha256": "bbfd6085f37394b50a5665c9aaaebc1d96d1f6dbd861785e5ea48dd239bce63e", 
   "name": "plugins/modules/tower_license.py", 
   "chksum_type": "sha256", 
   "format": 1
  }, 
  {
   "ftype": "file", 
   "chksum_sha256": "ec7137d9b95f7085fb7cf5f12432ea6a3fa4910382dad5b3e3788ec0da5094f9", 
   "name": "plugins/modules/tower_meta.py", 
   "chksum_type": "sha256", 
   "format": 1
  }, 
  {
   "ftype": "file", 
   "chksum_sha256": "c97f7a7b4cbb72372e17d69fa68560774f1b0309161bbead1626e9b94b861436", 
   "name": "plugins/modules/tower_notification_template.py", 
   "chksum_type": "sha256", 
   "format": 1
  }, 
  {
   "ftype": "file", 
   "chksum_sha256": "d0bd53516b7e61196e0dec19c8c8981ad1065a320e92754bf0dd7ba8a1c8ca0e", 
   "name": "plugins/modules/tower_organization.py", 
   "chksum_type": "sha256", 
   "format": 1
  }, 
  {
   "ftype": "file", 
   "chksum_sha256": "d05288ee8e000e414a7138b69f11dcbb9b2918de5eefa37a7fe3f6ac2d327eec", 
   "name": "plugins/modules/tower_project.py", 
   "chksum_type": "sha256", 
   "format": 1
  }, 
  {
   "ftype": "file", 
   "chksum_sha256": "29dba7e6eaef59502f547b312d11fa58e0e5e0375aa96e4c72f6816e234e5b1f", 
   "name": "plugins/modules/tower_project_update.py", 
   "chksum_type": "sha256", 
   "format": 1
  }, 
  {
   "ftype": "file", 
   "chksum_sha256": "5b5785fd575ae4dce278f9cb007a15172fe88945addd093afb032eb49c4f7d54", 
   "name": "plugins/modules/tower_receive.py", 
   "chksum_type": "sha256", 
   "format": 1
  }, 
  {
   "ftype": "file", 
   "chksum_sha256": "ce85f414e72d21c232ed80a404c61755a2a855e593f73c85f8911d587242acac", 
   "name": "plugins/modules/tower_role.py", 
   "chksum_type": "sha256", 
   "format": 1
  }, 
  {
   "ftype": "file", 
   "chksum_sha256": "222b8dc90214bd97f79f9d09946e6fb67ea91db584047d7f94da6f8afb8fb3ce", 
   "name": "plugins/modules/tower_schedule.py", 
   "chksum_type": "sha256", 
   "format": 1
  }, 
  {
   "ftype": "file", 
   "chksum_sha256": "82ad70ed21979e48db71fa54577a69f6df1918217aaad3110062af7e9fc45feb", 
   "name": "plugins/modules/tower_send.py", 
   "chksum_type": "sha256", 
   "format": 1
  }, 
  {
   "ftype": "file", 
   "chksum_sha256": "1f98aecdf673adbfa00b2b11781f716a0250dacc30ead6de7141bb92b1833dc2", 
   "name": "plugins/modules/tower_settings.py", 
   "chksum_type": "sha256", 
   "format": 1
  }, 
  {
   "ftype": "file", 
   "chksum_sha256": "2b69a0c9d28229a1e7b856adbab9dc29c1b69ef88cd44e5bbe14472d607e8017", 
   "name": "plugins/modules/tower_team.py", 
   "chksum_type": "sha256", 
   "format": 1
  }, 
  {
   "ftype": "file", 
   "chksum_sha256": "16e5875ce799c30ea3a2d2391d51e6efb13eefd4c3c41484c7d36404b84bf54f", 
   "name": "plugins/modules/tower_token.py", 
   "chksum_type": "sha256", 
   "format": 1
  }, 
  {
   "ftype": "file", 
   "chksum_sha256": "dbf97589c3eae08d9876c9c972e7615f3262cd2195691381b918a8357ad9b543", 
   "name": "plugins/modules/tower_user.py", 
   "chksum_type": "sha256", 
   "format": 1
  }, 
  {
   "ftype": "file", 
   "chksum_sha256": "dcce7a21ca46b225de512a5a14dae213f4e1011f9789c397dfcdbdce21aeaea4", 
   "name": "plugins/modules/tower_workflow_job_template.py", 
   "chksum_type": "sha256", 
   "format": 1
  }, 
  {
   "ftype": "file", 
   "chksum_sha256": "11c0ac1ee35d5021f406226918160ce0ccdb821daece0f0650fa8ce2b025023a", 
   "name": "plugins/modules/tower_workflow_job_template_node.py", 
   "chksum_type": "sha256", 
   "format": 1
  }, 
  {
   "ftype": "file", 
   "chksum_sha256": "f8db8cf254a572b04cbf962d394d95c35740b341de58f09bd8bfbe7131f48dc9", 
   "name": "plugins/modules/tower_workflow_launch.py", 
   "chksum_type": "sha256", 
   "format": 1
  }, 
  {
   "ftype": "file", 
   "chksum_sha256": "c4eb72f79009aa29366be4444f03c911422b21834572d85fad11b7e1a77a9384", 
   "name": "plugins/modules/tower_workflow_template.py", 
   "chksum_type": "sha256", 
   "format": 1
  }, 
  {
   "ftype": "file", 
   "chksum_sha256": "b4e0a72acdb5b80917bc3af3e9872869d11265e98a6867f0a46664305008bd7d", 
   "name": "requirements.txt", 
   "chksum_type": "sha256", 
   "format": 1
  }, 
  {
   "ftype": "dir", 
   "chksum_sha256": null, 
   "name": "test", 
   "chksum_type": null, 
   "format": 1
  }, 
  {
   "ftype": "dir", 
   "chksum_sha256": null, 
   "name": "test/awx", 
   "chksum_type": null, 
   "format": 1
  }, 
  {
   "ftype": "file", 
   "chksum_sha256": "c3ef97a15eaec9607a93799ae9a7b75efb3091ac2327d7522fdfc7cc0bb2fe31", 
   "name": "test/awx/conftest.py", 
   "chksum_type": "sha256", 
   "format": 1
  }, 
  {
   "ftype": "file", 
   "chksum_sha256": "7a1a6aa3c86ec34125aba9ce3f41aa1d030f737954eb1c840a14fef17b0c2ad3", 
   "name": "test/awx/test_ad_hoc_wait.py", 
   "chksum_type": "sha256", 
   "format": 1
  }, 
  {
   "ftype": "file", 
   "chksum_sha256": "32ddf57aa899f39d2aaa084c453fb52d66b70e938b9cf1c03826f5d626501bf1", 
   "name": "test/awx/test_application.py", 
   "chksum_type": "sha256", 
   "format": 1
  }, 
  {
   "ftype": "file", 
   "chksum_sha256": "f6a95fa9f3c7ac84d42461706fb03e97220a82e971e55245f45b68686bc819f5", 
   "name": "test/awx/test_completeness.py", 
   "chksum_type": "sha256", 
   "format": 1
  }, 
  {
   "ftype": "file", 
   "chksum_sha256": "ef09a03750e496b24fc151a15e44e0d3bfacfc61b0690ccdaee5577c91d6febe", 
   "name": "test/awx/test_credential.py", 
   "chksum_type": "sha256", 
   "format": 1
  }, 
  {
   "ftype": "file", 
   "chksum_sha256": "fa5f8e721cfa7d83ef51a05963799e58f044d6a5fe40309d0f797d619fac0d7d", 
   "name": "test/awx/test_credential_input_source.py", 
   "chksum_type": "sha256", 
   "format": 1
  }, 
  {
   "ftype": "file", 
   "chksum_sha256": "819468a235ed608347ee2a009a26a0c839ab53e1d1bfe70f362f87178869f69a", 
   "name": "test/awx/test_credential_type.py", 
   "chksum_type": "sha256", 
   "format": 1
  }, 
  {
   "ftype": "file", 
   "chksum_sha256": "75922c18282683ee181910920387e355edf2e2325ba0a8e25a8818c1a280ee51", 
   "name": "test/awx/test_group.py", 
   "chksum_type": "sha256", 
   "format": 1
  }, 
  {
   "ftype": "file", 
   "chksum_sha256": "676f74728bc179f11d81bbdd871c9d5782acbb51ea26ff117c7c1494e33814ab", 
   "name": "test/awx/test_instance_group.py", 
   "chksum_type": "sha256", 
   "format": 1
  }, 
  {
   "ftype": "file", 
   "chksum_sha256": "225ce9300de24f189d86cf857c935058aa7bd4bb52a20c5b6016aef06ea329f2", 
   "name": "test/awx/test_inventory.py", 
   "chksum_type": "sha256", 
   "format": 1
  }, 
  {
   "ftype": "file", 
   "chksum_sha256": "904b46a22b557e6a6f6971d24426223f0b6fddd4d0e29b2bfeb29f776b17001a", 
   "name": "test/awx/test_inventory_source.py", 
   "chksum_type": "sha256", 
   "format": 1
  }, 
  {
   "ftype": "file", 
   "chksum_sha256": "e3d97289943393ad476d888d1adfce2abfd53d6db92246c17d8c43f5c738b7f4", 
   "name": "test/awx/test_job.py", 
   "chksum_type": "sha256", 
   "format": 1
  }, 
  {
   "ftype": "file", 
   "chksum_sha256": "ce19623a2df4d46df872a89db42b1db2af3a8a19cda762e6e49b0f9988fb69dd", 
   "name": "test/awx/test_job_template.py", 
   "chksum_type": "sha256", 
   "format": 1
  }, 
  {
   "ftype": "file", 
   "chksum_sha256": "3d7213dea0d4cabecc4142646d2ce2deadb5f7176669cea3dbd1cf63f7aad966", 
   "name": "test/awx/test_label.py", 
   "chksum_type": "sha256", 
   "format": 1
  }, 
  {
   "ftype": "file", 
   "chksum_sha256": "2eaaec80d3087b822ce92b9441038e3a484e1dee95d2e59d1fe8ebfdf7d934e4", 
   "name": "test/awx/test_module_utils.py", 
   "chksum_type": "sha256", 
   "format": 1
  }, 
  {
   "ftype": "file", 
   "chksum_sha256": "dfcd4265617405fca7ecd735f579837cc82f602ab5b6b45e762d675dbaa47631", 
   "name": "test/awx/test_notification_template.py", 
   "chksum_type": "sha256", 
   "format": 1
  }, 
  {
   "ftype": "file", 
   "chksum_sha256": "dabf23cd520b063d2b88f5cf1bd9480879ed6690ee50d85a91e641050e03ddb2", 
   "name": "test/awx/test_organization.py", 
   "chksum_type": "sha256", 
   "format": 1
  }, 
  {
   "ftype": "file", 
   "chksum_sha256": "7868426da4b3ae85504ff158292e3e3fe198c98728e724369ad4baadc3013b29", 
   "name": "test/awx/test_project.py", 
   "chksum_type": "sha256", 
   "format": 1
  }, 
  {
   "ftype": "file", 
   "chksum_sha256": "46ffeb53e08876ea74b93f284ba6fb39bde8e58082612b6f01210187dd477b4e", 
   "name": "test/awx/test_role.py", 
   "chksum_type": "sha256", 
   "format": 1
  }, 
  {
   "ftype": "file", 
   "chksum_sha256": "26f94b54a85b527e007c3d60f488ac5ce875627422d8b391a083efdd4cd1298b", 
   "name": "test/awx/test_schedule.py", 
   "chksum_type": "sha256", 
   "format": 1
  }, 
  {
   "ftype": "file", 
   "chksum_sha256": "e0284d8327555cd9671e7953c1e45a7a99b9a38572255d0c97fa709f965843b6", 
   "name": "test/awx/test_send_receive.py", 
   "chksum_type": "sha256", 
   "format": 1
  }, 
  {
   "ftype": "file", 
   "chksum_sha256": "a00d607cc8f7545da59b5296b6550def0e3951bc9328a8176988a3d0998c6d52", 
   "name": "test/awx/test_settings.py", 
   "chksum_type": "sha256", 
   "format": 1
  }, 
  {
   "ftype": "file", 
   "chksum_sha256": "0f9718ed06e373ae5cefba6d1a2fc63932c7be43bb977ff389d49dd8ce31b976", 
   "name": "test/awx/test_team.py", 
   "chksum_type": "sha256", 
   "format": 1
  }, 
  {
   "ftype": "file", 
   "chksum_sha256": "1dab9647e5571066247d0c48389cb66606db5bff3145588d0c06486ea62535ca", 
   "name": "test/awx/test_token.py", 
   "chksum_type": "sha256", 
   "format": 1
  }, 
  {
   "ftype": "file", 
   "chksum_sha256": "fa7289847fd1f7981922967eb9d1337ab7b19922593c1294696a351a0f395469", 
   "name": "test/awx/test_user.py", 
   "chksum_type": "sha256", 
   "format": 1
  }, 
  {
   "ftype": "file", 
   "chksum_sha256": "16b5c079634e6289a825e0a3d5f7fb12eccb2641358ec0a5cfa392155cb32cd1", 
   "name": "test/awx/test_workflow_job_template.py", 
   "chksum_type": "sha256", 
   "format": 1
  }, 
  {
   "ftype": "file", 
   "chksum_sha256": "743a08c9c76b1338d5eb68dbbbc1142dce6438a52ef026de2ae4146618415888", 
   "name": "test/awx/test_workflow_job_template_node.py", 
   "chksum_type": "sha256", 
   "format": 1
  }, 
  {
   "ftype": "file", 
   "chksum_sha256": "796ff6fdfa90660e452ae21cf3dbd6fd1e296577cbbe0555e23182afeb3fa104", 
   "name": "test/awx/test_workflow_template.py", 
   "chksum_type": "sha256", 
   "format": 1
  }, 
  {
   "ftype": "dir", 
   "chksum_sha256": null, 
   "name": "tests", 
   "chksum_type": null, 
   "format": 1
  }, 
  {
   "ftype": "dir", 
   "chksum_sha256": null, 
   "name": "tests/integration", 
   "chksum_type": null, 
   "format": 1
  }, 
  {
   "ftype": "dir", 
   "chksum_sha256": null, 
   "name": "tests/integration/targets", 
   "chksum_type": null, 
   "format": 1
  }, 
  {
   "ftype": "dir", 
   "chksum_sha256": null, 
   "name": "tests/integration/targets/demo_data", 
   "chksum_type": null, 
   "format": 1
  }, 
  {
   "ftype": "dir", 
   "chksum_sha256": null, 
   "name": "tests/integration/targets/demo_data/tasks", 
   "chksum_type": null, 
   "format": 1
  }, 
  {
   "ftype": "file", 
   "chksum_sha256": "934c562abf67385545cdfb0083122006afba765292d3e9aa00b108688daab0a5", 
   "name": "tests/integration/targets/demo_data/tasks/main.yml", 
   "chksum_type": "sha256", 
   "format": 1
  }, 
  {
   "ftype": "dir", 
   "chksum_sha256": null, 
   "name": "tests/integration/targets/tower_ad_hoc_command", 
   "chksum_type": null, 
   "format": 1
  }, 
  {
   "ftype": "dir", 
   "chksum_sha256": null, 
   "name": "tests/integration/targets/tower_ad_hoc_command/tasks", 
   "chksum_type": null, 
   "format": 1
  }, 
  {
   "ftype": "file", 
   "chksum_sha256": "65a38fe969f4c9fb131c2a6a04cf6f94871558331be9b5c17dcb357d43024b9f", 
   "name": "tests/integration/targets/tower_ad_hoc_command/tasks/main.yml", 
   "chksum_type": "sha256", 
   "format": 1
  }, 
  {
   "ftype": "dir", 
   "chksum_sha256": null, 
   "name": "tests/integration/targets/tower_ad_hoc_command_cancel", 
   "chksum_type": null, 
   "format": 1
  }, 
  {
   "ftype": "dir", 
   "chksum_sha256": null, 
   "name": "tests/integration/targets/tower_ad_hoc_command_cancel/tasks", 
   "chksum_type": null, 
   "format": 1
  }, 
  {
   "ftype": "file", 
   "chksum_sha256": "945a43737fa14758aa563d225058bac904dd5091e8632f6c4c637c547185382a", 
   "name": "tests/integration/targets/tower_ad_hoc_command_cancel/tasks/main.yml", 
   "chksum_type": "sha256", 
   "format": 1
  }, 
  {
   "ftype": "dir", 
   "chksum_sha256": null, 
   "name": "tests/integration/targets/tower_ad_hoc_command_wait", 
   "chksum_type": null, 
   "format": 1
  }, 
  {
   "ftype": "dir", 
   "chksum_sha256": null, 
   "name": "tests/integration/targets/tower_ad_hoc_command_wait/tasks", 
   "chksum_type": null, 
   "format": 1
  }, 
  {
   "ftype": "file", 
   "chksum_sha256": "5114546a4f9ae78ce2111baa6c0210c6d3e8031a823dfbcf9c97f4b50387e9a2", 
   "name": "tests/integration/targets/tower_ad_hoc_command_wait/tasks/main.yml", 
   "chksum_type": "sha256", 
   "format": 1
  }, 
  {
   "ftype": "dir", 
   "chksum_sha256": null, 
   "name": "tests/integration/targets/tower_application", 
   "chksum_type": null, 
   "format": 1
  }, 
  {
   "ftype": "dir", 
   "chksum_sha256": null, 
   "name": "tests/integration/targets/tower_application/tasks", 
   "chksum_type": null, 
   "format": 1
  }, 
  {
   "ftype": "file", 
   "chksum_sha256": "2623776ec9bbf44c50cf092abfe415f0ccb3157be1c0b88f332af0d4df98c68d", 
   "name": "tests/integration/targets/tower_application/tasks/main.yml", 
   "chksum_type": "sha256", 
   "format": 1
  }, 
  {
   "ftype": "dir", 
   "chksum_sha256": null, 
   "name": "tests/integration/targets/tower_credential", 
   "chksum_type": null, 
   "format": 1
  }, 
  {
   "ftype": "dir", 
   "chksum_sha256": null, 
   "name": "tests/integration/targets/tower_credential/tasks", 
   "chksum_type": null, 
   "format": 1
  }, 
  {
   "ftype": "file", 
   "chksum_sha256": "febb5ee2af0e98a8689e7ab69b6f77ba831f894dddf253fb3f7a6492dde31a9a", 
   "name": "tests/integration/targets/tower_credential/tasks/main.yml", 
   "chksum_type": "sha256", 
   "format": 1
  }, 
  {
   "ftype": "dir", 
   "chksum_sha256": null, 
   "name": "tests/integration/targets/tower_credential_input_source", 
   "chksum_type": null, 
   "format": 1
  }, 
  {
   "ftype": "dir", 
   "chksum_sha256": null, 
   "name": "tests/integration/targets/tower_credential_input_source/tasks", 
   "chksum_type": null, 
   "format": 1
  }, 
  {
   "ftype": "file", 
   "chksum_sha256": "2cb4bad00a5887f2be0b3744e2172cf93e1cce0d01a5233b7f4e7ddb12cf36f8", 
   "name": "tests/integration/targets/tower_credential_input_source/tasks/main.yml", 
   "chksum_type": "sha256", 
   "format": 1
  }, 
  {
   "ftype": "dir", 
   "chksum_sha256": null, 
   "name": "tests/integration/targets/tower_credential_type", 
   "chksum_type": null, 
   "format": 1
  }, 
  {
   "ftype": "dir", 
   "chksum_sha256": null, 
   "name": "tests/integration/targets/tower_credential_type/tasks", 
   "chksum_type": null, 
   "format": 1
  }, 
  {
   "ftype": "file", 
   "chksum_sha256": "f8d67024c94a74701e3f6f09a5a35273e4e7c87958e2c0aaa91b7711466dbacc", 
   "name": "tests/integration/targets/tower_credential_type/tasks/main.yml", 
   "chksum_type": "sha256", 
   "format": 1
  }, 
  {
   "ftype": "dir", 
   "chksum_sha256": null, 
   "name": "tests/integration/targets/tower_export", 
   "chksum_type": null, 
   "format": 1
  }, 
  {
   "ftype": "file", 
   "chksum_sha256": "52e1315ef042495cdf2b0ce22d8ba47f726dce15b968e301a795be1f69045f20", 
   "name": "tests/integration/targets/tower_export/aliases", 
   "chksum_type": "sha256", 
   "format": 1
  }, 
  {
   "ftype": "dir", 
   "chksum_sha256": null, 
   "name": "tests/integration/targets/tower_export/tasks", 
   "chksum_type": null, 
   "format": 1
  }, 
  {
   "ftype": "file", 
   "chksum_sha256": "2b09e1a9cc24ce4637d72580f0b70525cb4c9b55b9d1b737a5512b4501558b35", 
   "name": "tests/integration/targets/tower_export/tasks/main.yml", 
   "chksum_type": "sha256", 
   "format": 1
  }, 
  {
   "ftype": "dir", 
   "chksum_sha256": null, 
   "name": "tests/integration/targets/tower_group", 
   "chksum_type": null, 
   "format": 1
  }, 
  {
   "ftype": "dir", 
   "chksum_sha256": null, 
   "name": "tests/integration/targets/tower_group/tasks", 
   "chksum_type": null, 
   "format": 1
  }, 
  {
   "ftype": "file", 
   "chksum_sha256": "5724c4bc9eb69495271cd1b0c31307698a1ef4bec2cab04b915a33d826ddb36a", 
   "name": "tests/integration/targets/tower_group/tasks/main.yml", 
   "chksum_type": "sha256", 
   "format": 1
  }, 
  {
   "ftype": "dir", 
   "chksum_sha256": null, 
   "name": "tests/integration/targets/tower_host", 
   "chksum_type": null, 
   "format": 1
  }, 
  {
   "ftype": "dir", 
   "chksum_sha256": null, 
   "name": "tests/integration/targets/tower_host/tasks", 
   "chksum_type": null, 
   "format": 1
  }, 
  {
   "ftype": "file", 
   "chksum_sha256": "66feec6dea3cacb489ec7d0e5a20ef19c1fccac1c7b5671179bfa892ca8bc489", 
   "name": "tests/integration/targets/tower_host/tasks/main.yml", 
   "chksum_type": "sha256", 
   "format": 1
  }, 
  {
   "ftype": "dir", 
   "chksum_sha256": null, 
   "name": "tests/integration/targets/tower_import", 
   "chksum_type": null, 
   "format": 1
  }, 
  {
   "ftype": "file", 
   "chksum_sha256": "52e1315ef042495cdf2b0ce22d8ba47f726dce15b968e301a795be1f69045f20", 
   "name": "tests/integration/targets/tower_import/aliases", 
   "chksum_type": "sha256", 
   "format": 1
  }, 
  {
   "ftype": "dir", 
   "chksum_sha256": null, 
   "name": "tests/integration/targets/tower_import/tasks", 
   "chksum_type": null, 
   "format": 1
  }, 
  {
   "ftype": "file", 
   "chksum_sha256": "6027354f20d61b365c2420c7823d152e274747059bcad30769d36b3e36bf9ded", 
   "name": "tests/integration/targets/tower_import/tasks/main.yml", 
   "chksum_type": "sha256", 
   "format": 1
  }, 
  {
   "ftype": "dir", 
   "chksum_sha256": null, 
   "name": "tests/integration/targets/tower_instance_group", 
   "chksum_type": null, 
   "format": 1
  }, 
  {
   "ftype": "dir", 
   "chksum_sha256": null, 
   "name": "tests/integration/targets/tower_instance_group/tasks", 
   "chksum_type": null, 
   "format": 1
  }, 
  {
   "ftype": "file", 
   "chksum_sha256": "bc75a470415434abffb32883068533addc8d08c4b967df73144b0c2c5e6075f7", 
   "name": "tests/integration/targets/tower_instance_group/tasks/main.yml", 
   "chksum_type": "sha256", 
   "format": 1
  }, 
  {
   "ftype": "dir", 
   "chksum_sha256": null, 
   "name": "tests/integration/targets/tower_inventory", 
   "chksum_type": null, 
   "format": 1
  }, 
  {
   "ftype": "dir", 
   "chksum_sha256": null, 
   "name": "tests/integration/targets/tower_inventory/tasks", 
   "chksum_type": null, 
   "format": 1
  }, 
  {
   "ftype": "file", 
   "chksum_sha256": "cc150e71377aa0f5af4e95c66b4642ad226bc6ac1a4c0cf26dd2335326f401ba", 
   "name": "tests/integration/targets/tower_inventory/tasks/main.yml", 
   "chksum_type": "sha256", 
   "format": 1
  }, 
  {
   "ftype": "dir", 
   "chksum_sha256": null, 
   "name": "tests/integration/targets/tower_inventory_source", 
   "chksum_type": null, 
   "format": 1
  }, 
  {
   "ftype": "dir", 
   "chksum_sha256": null, 
   "name": "tests/integration/targets/tower_inventory_source/tasks", 
   "chksum_type": null, 
   "format": 1
  }, 
  {
   "ftype": "file", 
   "chksum_sha256": "6546acd45b820294815fab8232b14dc9c3e6b86e1f086fdbf45de1d57a5884a9", 
   "name": "tests/integration/targets/tower_inventory_source/tasks/main.yml", 
   "chksum_type": "sha256", 
   "format": 1
  }, 
  {
   "ftype": "dir", 
   "chksum_sha256": null, 
   "name": "tests/integration/targets/tower_inventory_source_update", 
   "chksum_type": null, 
   "format": 1
  }, 
  {
   "ftype": "dir", 
   "chksum_sha256": null, 
   "name": "tests/integration/targets/tower_inventory_source_update/tasks", 
   "chksum_type": null, 
   "format": 1
  }, 
  {
   "ftype": "file", 
   "chksum_sha256": "95b8f411a830224dc11309b53a4c6c1babdea787afaa52342ee807842a1b28b8", 
   "name": "tests/integration/targets/tower_inventory_source_update/tasks/main.yml", 
   "chksum_type": "sha256", 
   "format": 1
  }, 
  {
   "ftype": "dir", 
   "chksum_sha256": null, 
   "name": "tests/integration/targets/tower_job_cancel", 
   "chksum_type": null, 
   "format": 1
  }, 
  {
   "ftype": "dir", 
   "chksum_sha256": null, 
   "name": "tests/integration/targets/tower_job_cancel/tasks", 
   "chksum_type": null, 
   "format": 1
  }, 
  {
   "ftype": "file", 
   "chksum_sha256": "84082b74bb0ae8ddabda3c3e9ff10ecffdd9b7030ae97bab95ae43c39a452a93", 
   "name": "tests/integration/targets/tower_job_cancel/tasks/main.yml", 
   "chksum_type": "sha256", 
   "format": 1
  }, 
  {
   "ftype": "dir", 
   "chksum_sha256": null, 
   "name": "tests/integration/targets/tower_job_launch", 
   "chksum_type": null, 
   "format": 1
  }, 
  {
   "ftype": "dir", 
   "chksum_sha256": null, 
   "name": "tests/integration/targets/tower_job_launch/tasks", 
   "chksum_type": null, 
   "format": 1
  }, 
  {
   "ftype": "file", 
   "chksum_sha256": "cbb5747a9805b569d3b0600e5063f08bca29b7bdf0e4127be47b2e0c614006bc", 
   "name": "tests/integration/targets/tower_job_launch/tasks/main.yml", 
   "chksum_type": "sha256", 
   "format": 1
  }, 
  {
   "ftype": "dir", 
   "chksum_sha256": null, 
   "name": "tests/integration/targets/tower_job_list", 
   "chksum_type": null, 
   "format": 1
  }, 
  {
   "ftype": "dir", 
   "chksum_sha256": null, 
   "name": "tests/integration/targets/tower_job_list/tasks", 
   "chksum_type": null, 
   "format": 1
  }, 
  {
   "ftype": "file", 
   "chksum_sha256": "b6ed99f7f196254e088a7c431027f44b550ec8cf4bb0aad6db5ccb80cc0ebeeb", 
   "name": "tests/integration/targets/tower_job_list/tasks/main.yml", 
   "chksum_type": "sha256", 
   "format": 1
  }, 
  {
   "ftype": "dir", 
   "chksum_sha256": null, 
   "name": "tests/integration/targets/tower_job_template", 
   "chksum_type": null, 
   "format": 1
  }, 
  {
   "ftype": "dir", 
   "chksum_sha256": null, 
   "name": "tests/integration/targets/tower_job_template/tasks", 
   "chksum_type": null, 
   "format": 1
  }, 
  {
   "ftype": "file", 
   "chksum_sha256": "ba59454362e190dcf1de85cc48de25b9f16a008f5835adb157c3177e8afc7407", 
   "name": "tests/integration/targets/tower_job_template/tasks/main.yml", 
   "chksum_type": "sha256", 
   "format": 1
  }, 
  {
   "ftype": "dir", 
   "chksum_sha256": null, 
   "name": "tests/integration/targets/tower_job_wait", 
   "chksum_type": null, 
   "format": 1
  }, 
  {
   "ftype": "dir", 
   "chksum_sha256": null, 
   "name": "tests/integration/targets/tower_job_wait/tasks", 
   "chksum_type": null, 
   "format": 1
  }, 
  {
   "ftype": "file", 
   "chksum_sha256": "a80552e5af85b636e904f2f80a53bb22bd1da90b1261e1de94d45343e943307d", 
   "name": "tests/integration/targets/tower_job_wait/tasks/main.yml", 
   "chksum_type": "sha256", 
   "format": 1
  }, 
  {
   "ftype": "dir", 
   "chksum_sha256": null, 
   "name": "tests/integration/targets/tower_label", 
   "chksum_type": null, 
   "format": 1
  }, 
  {
   "ftype": "dir", 
   "chksum_sha256": null, 
   "name": "tests/integration/targets/tower_label/tasks", 
   "chksum_type": null, 
   "format": 1
  }, 
  {
   "ftype": "file", 
   "chksum_sha256": "5f47a43dd4fc2de9edcbcf3da8728092fe76cebfc6d315054f86b37b47b41a3f", 
   "name": "tests/integration/targets/tower_label/tasks/main.yml", 
   "chksum_type": "sha256", 
   "format": 1
  }, 
  {
   "ftype": "dir", 
   "chksum_sha256": null, 
   "name": "tests/integration/targets/tower_lookup_api_plugin", 
   "chksum_type": null, 
   "format": 1
  }, 
  {
   "ftype": "dir", 
   "chksum_sha256": null, 
   "name": "tests/integration/targets/tower_lookup_api_plugin/tasks", 
   "chksum_type": null, 
   "format": 1
  }, 
  {
   "ftype": "file", 
   "chksum_sha256": "5c3b3c3f6924aea3dcd17d62814f5470a35c6d12084dd84e02fcb761bf28940f", 
   "name": "tests/integration/targets/tower_lookup_api_plugin/tasks/main.yml", 
   "chksum_type": "sha256", 
   "format": 1
  }, 
  {
   "ftype": "dir", 
   "chksum_sha256": null, 
   "name": "tests/integration/targets/tower_notification_template", 
   "chksum_type": null, 
   "format": 1
  }, 
  {
   "ftype": "dir", 
   "chksum_sha256": null, 
   "name": "tests/integration/targets/tower_notification_template/tasks", 
   "chksum_type": null, 
   "format": 1
  }, 
  {
   "ftype": "file", 
   "chksum_sha256": "59f099ce50ad72a36132d21c6fc742923825394b13a1e38643364aa1bdaa0c47", 
   "name": "tests/integration/targets/tower_notification_template/tasks/main.yml", 
   "chksum_type": "sha256", 
   "format": 1
  }, 
  {
   "ftype": "dir", 
   "chksum_sha256": null, 
   "name": "tests/integration/targets/tower_organization", 
   "chksum_type": null, 
   "format": 1
  }, 
  {
   "ftype": "dir", 
   "chksum_sha256": null, 
   "name": "tests/integration/targets/tower_organization/tasks", 
   "chksum_type": null, 
   "format": 1
  }, 
  {
   "ftype": "file", 
   "chksum_sha256": "5b9915bb61811fe0842f7e427c4cac892c87f4c96ff0a20641878846143778a0", 
   "name": "tests/integration/targets/tower_organization/tasks/main.yml", 
   "chksum_type": "sha256", 
   "format": 1
  }, 
  {
   "ftype": "dir", 
   "chksum_sha256": null, 
   "name": "tests/integration/targets/tower_project", 
   "chksum_type": null, 
   "format": 1
  }, 
  {
   "ftype": "dir", 
   "chksum_sha256": null, 
   "name": "tests/integration/targets/tower_project/tasks", 
   "chksum_type": null, 
   "format": 1
  }, 
  {
   "ftype": "file", 
   "chksum_sha256": "3d0b011733ecfb3a1ca879afe27e62f4c38119099350acec0056f29f2f69cc50", 
   "name": "tests/integration/targets/tower_project/tasks/main.yml", 
   "chksum_type": "sha256", 
   "format": 1
  }, 
  {
   "ftype": "dir", 
   "chksum_sha256": null, 
   "name": "tests/integration/targets/tower_project_manual", 
   "chksum_type": null, 
   "format": 1
  }, 
  {
   "ftype": "dir", 
   "chksum_sha256": null, 
   "name": "tests/integration/targets/tower_project_manual/tasks", 
   "chksum_type": null, 
   "format": 1
  }, 
  {
   "ftype": "file", 
   "chksum_sha256": "8b97f6c261c954d99156e58e58cc0f5cea75433c1c6168883f6379f5999f2568", 
   "name": "tests/integration/targets/tower_project_manual/tasks/create_project_dir.yml", 
   "chksum_type": "sha256", 
   "format": 1
  }, 
  {
   "ftype": "file", 
   "chksum_sha256": "190a73a479cd59e17357aa09bc5ca4988c615533d5113560f06d61b64229ae91", 
   "name": "tests/integration/targets/tower_project_manual/tasks/main.yml", 
   "chksum_type": "sha256", 
   "format": 1
  }, 
  {
   "ftype": "dir", 
   "chksum_sha256": null, 
   "name": "tests/integration/targets/tower_project_update", 
   "chksum_type": null, 
   "format": 1
  }, 
  {
   "ftype": "dir", 
   "chksum_sha256": null, 
   "name": "tests/integration/targets/tower_project_update/tasks", 
   "chksum_type": null, 
   "format": 1
  }, 
  {
   "ftype": "file", 
   "chksum_sha256": "1a0736cc9eee3f49aeb4ba91d655db104ab2fb9a8cbdaf1573b672f023647ac1", 
   "name": "tests/integration/targets/tower_project_update/tasks/main.yml", 
   "chksum_type": "sha256", 
   "format": 1
  }, 
  {
   "ftype": "dir", 
   "chksum_sha256": null, 
   "name": "tests/integration/targets/tower_role", 
   "chksum_type": null, 
   "format": 1
  }, 
  {
   "ftype": "dir", 
   "chksum_sha256": null, 
   "name": "tests/integration/targets/tower_role/tasks", 
   "chksum_type": null, 
   "format": 1
  }, 
  {
   "ftype": "file", 
   "chksum_sha256": "a62b23a6c93efcb40e6a8f47ffbc44b2c913a273156e3ed0b7cef0939ebd9184", 
   "name": "tests/integration/targets/tower_role/tasks/main.yml", 
   "chksum_type": "sha256", 
   "format": 1
  }, 
  {
   "ftype": "dir", 
   "chksum_sha256": null, 
   "name": "tests/integration/targets/tower_schedule", 
   "chksum_type": null, 
   "format": 1
  }, 
  {
   "ftype": "dir", 
   "chksum_sha256": null, 
   "name": "tests/integration/targets/tower_schedule/tasks", 
   "chksum_type": null, 
   "format": 1
  }, 
  {
   "ftype": "file", 
   "chksum_sha256": "ad0ede2f4a20b061bb8ef3c99fb383fa32113fb4fb363747408393f5ac684bcf", 
   "name": "tests/integration/targets/tower_schedule/tasks/main.yml", 
   "chksum_type": "sha256", 
   "format": 1
  }, 
  {
   "ftype": "dir", 
   "chksum_sha256": null, 
   "name": "tests/integration/targets/tower_schedule_rrule", 
   "chksum_type": null, 
   "format": 1
  }, 
  {
   "ftype": "dir", 
   "chksum_sha256": null, 
   "name": "tests/integration/targets/tower_schedule_rrule/tasks", 
   "chksum_type": null, 
   "format": 1
  }, 
  {
   "ftype": "file", 
   "chksum_sha256": "cc0e845e9168ce30e9587cbe702402873f476643fbe5cde3c6fafadcd14a7cf3", 
   "name": "tests/integration/targets/tower_schedule_rrule/tasks/main.yml", 
   "chksum_type": "sha256", 
   "format": 1
  }, 
  {
   "ftype": "dir", 
   "chksum_sha256": null, 
   "name": "tests/integration/targets/tower_settings", 
   "chksum_type": null, 
   "format": 1
  }, 
  {
   "ftype": "dir", 
   "chksum_sha256": null, 
   "name": "tests/integration/targets/tower_settings/tasks", 
   "chksum_type": null, 
   "format": 1
  }, 
  {
   "ftype": "file", 
   "chksum_sha256": "d1882d390327101a2a1a7514e611b69aecdbb083878ccc4e896ed50d8faf2c59", 
   "name": "tests/integration/targets/tower_settings/tasks/main.yml", 
   "chksum_type": "sha256", 
   "format": 1
  }, 
  {
   "ftype": "dir", 
   "chksum_sha256": null, 
   "name": "tests/integration/targets/tower_team", 
   "chksum_type": null, 
   "format": 1
  }, 
  {
   "ftype": "dir", 
   "chksum_sha256": null, 
   "name": "tests/integration/targets/tower_team/tasks", 
   "chksum_type": null, 
   "format": 1
  }, 
  {
   "ftype": "file", 
   "chksum_sha256": "8cba78d6ce7796e102a68bda59cd84223123d5b94da8cd0ca4729924e010648c", 
   "name": "tests/integration/targets/tower_team/tasks/main.yml", 
   "chksum_type": "sha256", 
   "format": 1
  }, 
  {
   "ftype": "dir", 
   "chksum_sha256": null, 
   "name": "tests/integration/targets/tower_token", 
   "chksum_type": null, 
   "format": 1
  }, 
  {
   "ftype": "dir", 
   "chksum_sha256": null, 
   "name": "tests/integration/targets/tower_token/tasks", 
   "chksum_type": null, 
   "format": 1
  }, 
  {
   "ftype": "file", 
   "chksum_sha256": "79a66a15215d4a6a30bbe4ca8e5e425757d8e5672d91659c0d4fcc6673045e9e", 
   "name": "tests/integration/targets/tower_token/tasks/main.yml", 
   "chksum_type": "sha256", 
   "format": 1
  }, 
  {
   "ftype": "dir", 
   "chksum_sha256": null, 
   "name": "tests/integration/targets/tower_user", 
   "chksum_type": null, 
   "format": 1
  }, 
  {
   "ftype": "dir", 
   "chksum_sha256": null, 
   "name": "tests/integration/targets/tower_user/tasks", 
   "chksum_type": null, 
   "format": 1
  }, 
  {
   "ftype": "file", 
   "chksum_sha256": "96fb4f900f172ebfc1e14833220956f1580bf1b5a02a3e8f7aca506a441f516f", 
   "name": "tests/integration/targets/tower_user/tasks/main.yml", 
   "chksum_type": "sha256", 
   "format": 1
  }, 
  {
   "ftype": "dir", 
   "chksum_sha256": null, 
   "name": "tests/integration/targets/tower_workflow_job_template", 
   "chksum_type": null, 
   "format": 1
  }, 
  {
   "ftype": "dir", 
   "chksum_sha256": null, 
   "name": "tests/integration/targets/tower_workflow_job_template/tasks", 
   "chksum_type": null, 
   "format": 1
  }, 
  {
   "ftype": "file", 
   "chksum_sha256": "c4c003ad658906e54f6c6c97e5e838dbd40662becbf3b2924bfc5f2ad08b155f", 
   "name": "tests/integration/targets/tower_workflow_job_template/tasks/main.yml", 
   "chksum_type": "sha256", 
   "format": 1
  }, 
  {
   "ftype": "dir", 
   "chksum_sha256": null, 
   "name": "tests/integration/targets/tower_workflow_launch", 
   "chksum_type": null, 
   "format": 1
  }, 
  {
   "ftype": "dir", 
   "chksum_sha256": null, 
   "name": "tests/integration/targets/tower_workflow_launch/tasks", 
   "chksum_type": null, 
   "format": 1
  }, 
  {
   "ftype": "file", 
   "chksum_sha256": "e9eb769da91ceadae0aaf778817c79f9d08d79af68dba80fa5d1c3c172da9dbf", 
   "name": "tests/integration/targets/tower_workflow_launch/tasks/main.yml", 
   "chksum_type": "sha256", 
   "format": 1
  }, 
  {
   "ftype": "dir", 
   "chksum_sha256": null, 
   "name": "tests/sanity", 
   "chksum_type": null, 
   "format": 1
  }, 
  {
   "ftype": "file", 
   "chksum_sha256": "cadab7f4c7fc2ead5ca88d8b8b09aecfd53284fc3616575740438815a5db32a0", 
   "name": "tests/sanity/ignore-2.10.txt", 
   "chksum_type": "sha256", 
   "format": 1
  }, 
  {
   "ftype": "file", 
   "chksum_sha256": "218d468a0c69ff978b8d3abe8a5c6e8bd67dd745c1e85578d742808733cd6169", 
   "name": "tests/sanity/ignore-2.11.txt", 
   "chksum_type": "sha256", 
   "format": 1
  }, 
  {
   "ftype": "file", 
   "chksum_sha256": "f034c6627d2229bc5bf4966ca57911dc761113c8e10e2fd9a50d62c17633aa93", 
   "name": "tests/sanity/ignore-2.9.txt", 
   "chksum_type": "sha256", 
   "format": 1
  }, 
  {
   "ftype": "dir", 
   "chksum_sha256": null, 
   "name": "tools", 
   "chksum_type": null, 
   "format": 1
  }, 
  {
   "ftype": "file", 
   "chksum_sha256": "aa0d7cefef5234cf5e143c769fa537c4142d411e815dd2b2599891f137ac2347", 
   "name": "tools/generate.yml", 
   "chksum_type": "sha256", 
   "format": 1
  }, 
  {
   "ftype": "dir", 
   "chksum_sha256": null, 
   "name": "tools/roles", 
   "chksum_type": null, 
   "format": 1
  }, 
  {
   "ftype": "dir", 
   "chksum_sha256": null, 
   "name": "tools/roles/generate", 
   "chksum_type": null, 
   "format": 1
  }, 
  {
   "ftype": "dir", 
   "chksum_sha256": null, 
   "name": "tools/roles/generate/tasks", 
   "chksum_type": null, 
   "format": 1
  }, 
  {
   "ftype": "file", 
   "chksum_sha256": "3aecc6ba819a7b18e755f80207316a9960c8a8e8ce4eeab7fee798ba91a989fb", 
   "name": "tools/roles/generate/tasks/main.yml", 
   "chksum_type": "sha256", 
   "format": 1
  }, 
  {
   "ftype": "dir", 
   "chksum_sha256": null, 
   "name": "tools/roles/generate/templates", 
   "chksum_type": null, 
   "format": 1
  }, 
  {
   "ftype": "file", 
   "chksum_sha256": "efb9514440cabd3fa05078239a6fda6c843472cf37ef1ac1ee6ab7e049c6dfc9", 
   "name": "tools/roles/generate/templates/tower_module.j2", 
   "chksum_type": "sha256", 
   "format": 1
  }, 
  {
   "ftype": "dir", 
   "chksum_sha256": null, 
   "name": "tools/roles/template_galaxy", 
   "chksum_type": null, 
   "format": 1
  }, 
  {
   "ftype": "dir", 
   "chksum_sha256": null, 
   "name": "tools/roles/template_galaxy/tasks", 
   "chksum_type": null, 
   "format": 1
  }, 
  {
   "ftype": "file", 
   "chksum_sha256": "3f7bb06c829922e770fa5e82e490edce2d2eb4228247f283109fe2cc2c3a93e2", 
   "name": "tools/roles/template_galaxy/tasks/main.yml", 
   "chksum_type": "sha256", 
   "format": 1
  }, 
  {
   "ftype": "dir", 
   "chksum_sha256": null, 
   "name": "tools/roles/template_galaxy/templates", 
   "chksum_type": null, 
   "format": 1
  }, 
  {
   "ftype": "file", 
   "chksum_sha256": "5ea982f9295ad3d7bef63b4f0de7e5e3d5805c25a5b213aebf38a066bea67c64", 
   "name": "tools/roles/template_galaxy/templates/README.md.j2", 
   "chksum_type": "sha256", 
   "format": 1
  }, 
  {
   "ftype": "file", 
   "chksum_sha256": "9d549e115b3fbc22b12cdac959607c73b302183060374bd1be915fd02afd95ec", 
   "name": "tools/roles/template_galaxy/templates/galaxy.yml.j2", 
   "chksum_type": "sha256", 
   "format": 1
  }, 
  {
   "ftype": "file", 
   "chksum_sha256": "87328b1102cb42e5c49a439e725eef477d8013fe6a61889b3251be061c9749de", 
   "name": "tools/template_galaxy.yml", 
   "chksum_type": "sha256", 
   "format": 1
  }, 
  {
   "ftype": "dir", 
   "chksum_sha256": null, 
   "name": "tools/vars", 
   "chksum_type": null, 
   "format": 1
  }, 
  {
   "ftype": "file", 
   "chksum_sha256": "1b7881b3f397d274bf8758f1df94b82f95dcf2438ae0288c5e59e0a92da0c47a", 
   "name": "tools/vars/aliases.yml", 
   "chksum_type": "sha256", 
   "format": 1
  }, 
  {
   "ftype": "file", 
   "chksum_sha256": "47f50cc9015ea57b2217c42d0022476e846acde3c9d3e39745339dc5f08f7ded", 
   "name": "tools/vars/associations.yml", 
   "chksum_type": "sha256", 
   "format": 1
  }, 
  {
   "ftype": "file", 
   "chksum_sha256": "8eda6cd617f08e40ab456628f808c6c02fd1b3fbdeea9f059f0ef2481ec5a0d7", 
   "name": "tools/vars/examples.yml", 
   "chksum_type": "sha256", 
   "format": 1
  }, 
  {
   "ftype": "file", 
   "chksum_sha256": "2af0e6f768d2c9d05a62eb01b6dc125d1c7d3a7de7f8a7267dfc5bcd307f0773", 
   "name": "tools/vars/generate_for.yml", 
   "chksum_type": "sha256", 
   "format": 1
  }, 
  {
   "ftype": "file", 
   "chksum_sha256": "af4848ba73eba4d38e06610bf73d30c715a54000a2bbb17dc2096255e2a64a6f", 
   "name": "tools/vars/resolution.yml", 
   "chksum_type": "sha256", 
   "format": 1
  }
 ], 
 "format": 1
}