{
 "files": [
  {
   "name": ".",
   "ftype": "dir",
   "chksum_type": null,
   "chksum_sha256": null,
   "format": 1
  },
  {
   "name": "COPYING",
   "ftype": "file",
   "chksum_type": "sha256",
   "chksum_sha256": "7c50cd9b85e2b7eebaea2b5618b402862b01d5a66befff8e41401ef3f14e471a",
   "format": 1
  },
  {
   "name": "README.md",
   "ftype": "file",
   "chksum_type": "sha256",
   "chksum_sha256": "b85af47ca3c63d85985dfdaed5a7a83258904f2336caf684f9d37ba2a2effbe3",
   "format": 1
  },
  {
   "name": "TESTING.md",
   "ftype": "file",
   "chksum_type": "sha256",
   "chksum_sha256": "4691e79c8038d8e985610fb613cd2f4799d4740b0a6ca1b72d3266528088a272",
   "format": 1
  },
  {
   "name": "bindep.txt",
   "ftype": "file",
   "chksum_type": "sha256",
   "chksum_sha256": "7205dda85d2cd5501b3344e9f18e4acd09583056aab5e8a05554ba29a3b8fad8",
   "format": 1
  },
  {
   "name": "images",
   "ftype": "dir",
   "chksum_type": null,
   "chksum_sha256": null,
   "format": 1
  },
  {
   "name": "images/completeness_test_output.png",
   "ftype": "file",
   "chksum_type": "sha256",
   "chksum_sha256": "6367684c4b5edd3e1e8fdcb9270d68ca54040d5d17108734f3d3a2b9df5878ba",
   "format": 1
  },
  {
   "name": "meta",
   "ftype": "dir",
   "chksum_type": null,
   "chksum_sha256": null,
   "format": 1
  },
  {
   "name": "meta/runtime.yml",
   "ftype": "file",
   "chksum_type": "sha256",
   "chksum_sha256": "98c4afe20fe33316e09583c7302f30a831948bbb2f57a741349051e6a37b1a71",
   "format": 1
  },
  {
   "name": "plugins",
   "ftype": "dir",
   "chksum_type": null,
   "chksum_sha256": null,
   "format": 1
  },
  {
   "name": "plugins/doc_fragments",
   "ftype": "dir",
   "chksum_type": null,
   "chksum_sha256": null,
   "format": 1
  },
  {
   "name": "plugins/doc_fragments/auth.py",
   "ftype": "file",
   "chksum_type": "sha256",
   "chksum_sha256": "08510309125b9276dca6553a3c77436c0a225c250eea33d54be356a68a06a5f3",
   "format": 1
  },
  {
   "name": "plugins/doc_fragments/auth_legacy.py",
   "ftype": "file",
   "chksum_type": "sha256",
   "chksum_sha256": "c2f10b81ecb89088c7c295430d4a71de26e3700b26e8344cdc7950908a738fd3",
   "format": 1
  },
  {
   "name": "plugins/doc_fragments/auth_plugin.py",
   "ftype": "file",
   "chksum_type": "sha256",
   "chksum_sha256": "80afe672d9386df036747cda82e54091e9717cdecfeab47b8567502b2ac3fbd1",
   "format": 1
  },
  {
   "name": "plugins/inventory",
   "ftype": "dir",
   "chksum_type": null,
   "chksum_sha256": null,
   "format": 1
  },
  {
   "name": "plugins/inventory/controller.py",
   "ftype": "file",
   "chksum_type": "sha256",
   "chksum_sha256": "890b02512f6d2f540852faf333b4d25a9eb522acf23dca0d74f81a69f8dcfde5",
   "format": 1
  },
  {
   "name": "plugins/lookup",
   "ftype": "dir",
   "chksum_type": null,
   "chksum_sha256": null,
   "format": 1
  },
  {
   "name": "plugins/lookup/controller_api.py",
   "ftype": "file",
   "chksum_type": "sha256",
   "chksum_sha256": "6a6d0368156275dedddab9b245b1779076e21c1406d3e49a4ea400f666184660",
   "format": 1
  },
  {
   "name": "plugins/lookup/schedule_rrule.py",
   "ftype": "file",
   "chksum_type": "sha256",
   "chksum_sha256": "5c76c6bc1a4b66754d31edaf4f79ac1d55a952fe3c54482934e6a462cc0bd62d",
   "format": 1
  },
  {
   "name": "plugins/lookup/schedule_rruleset.py",
   "ftype": "file",
   "chksum_type": "sha256",
   "chksum_sha256": "b268f0d40f0a39e476df35343f9399f22a234c51fbf37ff31a84f9338e457a7b",
   "format": 1
  },
  {
   "name": "plugins/module_utils",
   "ftype": "dir",
   "chksum_type": null,
   "chksum_sha256": null,
   "format": 1
  },
  {
   "name": "plugins/module_utils/awxkit.py",
   "ftype": "file",
   "chksum_type": "sha256",
   "chksum_sha256": "8b2398e4e7893f203b26f6c85d510cc4c41a79c53e1937710807233e62e35f58",
   "format": 1
  },
  {
   "name": "plugins/module_utils/controller_api.py",
   "ftype": "file",
   "chksum_type": "sha256",
   "chksum_sha256": "1f747af7605237db4c01db836e9f9955543e7493532cbb81a0ec8f8707e4ff6d",
   "format": 1
  },
  {
   "name": "plugins/module_utils/tower_legacy.py",
   "ftype": "file",
   "chksum_type": "sha256",
   "chksum_sha256": "442535992f6564ac689645ff6e880848762eafc0d93a3255cbe5bedec5eefd58",
   "format": 1
  },
  {
   "name": "plugins/modules",
   "ftype": "dir",
   "chksum_type": null,
   "chksum_sha256": null,
   "format": 1
  },
  {
   "name": "plugins/modules/__init__.py",
   "ftype": "file",
   "chksum_type": "sha256",
   "chksum_sha256": "e3b0c44298fc1c149afbf4c8996fb92427ae41e4649b934ca495991b7852b855",
   "format": 1
  },
  {
   "name": "plugins/modules/ad_hoc_command.py",
   "ftype": "file",
   "chksum_type": "sha256",
   "chksum_sha256": "5eb61f6ac42c013445048f12bb6268edd58d8408e69a0756501268928a3e81c7",
   "format": 1
  },
  {
   "name": "plugins/modules/ad_hoc_command_cancel.py",
   "ftype": "file",
   "chksum_type": "sha256",
   "chksum_sha256": "79f4b4b06ebb4e370b951c0b37b4c0d992cad7bdfa1eac6236fb0f5223f6ef4e",
   "format": 1
  },
  {
   "name": "plugins/modules/ad_hoc_command_wait.py",
   "ftype": "file",
   "chksum_type": "sha256",
   "chksum_sha256": "58ee12d944965122225be5f9550206f63052235e101e710bb1bb5bde414a325f",
   "format": 1
  },
  {
   "name": "plugins/modules/application.py",
   "ftype": "file",
   "chksum_type": "sha256",
   "chksum_sha256": "ca5f37aefef0703f821a9f68252040d08b0eee4b175c024cf95e9040e9c9f2be",
   "format": 1
  },
  {
   "name": "plugins/modules/controller_meta.py",
   "ftype": "file",
   "chksum_type": "sha256",
   "chksum_sha256": "4efd568369daa6bd8aef39a5b774b83faf58dd80553d124101fbe44ce3737543",
   "format": 1
  },
  {
   "name": "plugins/modules/credential.py",
   "ftype": "file",
   "chksum_type": "sha256",
   "chksum_sha256": "09313f51d91fba901a13614c8085e108c009a42c215d673633a104d4c0c08cd6",
   "format": 1
  },
  {
   "name": "plugins/modules/credential_input_source.py",
   "ftype": "file",
   "chksum_type": "sha256",
   "chksum_sha256": "f6c205abaa76971c278b5566c10b2b9fa31e5e963a17936b9ef58fd79373c453",
   "format": 1
  },
  {
   "name": "plugins/modules/credential_type.py",
   "ftype": "file",
   "chksum_type": "sha256",
   "chksum_sha256": "6493c8cd07a6402f7f6cd4a4ed54a90985f218e68e618bf49d8c510fcf2f6d16",
   "format": 1
  },
  {
   "name": "plugins/modules/execution_environment.py",
   "ftype": "file",
   "chksum_type": "sha256",
   "chksum_sha256": "6b9172b360b32396db7184a4b4be12723d6854951d83f1f106258706d9eae9e5",
   "format": 1
  },
  {
   "name": "plugins/modules/export.py",
   "ftype": "file",
   "chksum_type": "sha256",
   "chksum_sha256": "cc56917dbcfa30108336ff877e7ffc16ff593a113fb5e491098d0aff8747db0d",
   "format": 1
  },
  {
   "name": "plugins/modules/group.py",
   "ftype": "file",
   "chksum_type": "sha256",
   "chksum_sha256": "25e14d2e09dba2e7eb5a5c9666a47adda4317e03204511a3ed572850eb9fbcad",
   "format": 1
  },
  {
   "name": "plugins/modules/host.py",
   "ftype": "file",
   "chksum_type": "sha256",
   "chksum_sha256": "412124d388d452a743d48c472aceb9782e433b5302b32735b5976ddbfce3732e",
   "format": 1
  },
  {
   "name": "plugins/modules/import.py",
   "ftype": "file",
   "chksum_type": "sha256",
   "chksum_sha256": "69fae39b2beb52a18278fe361946fd1e7449c14b65c1fe3dce030d2319c4ead2",
   "format": 1
  },
  {
   "name": "plugins/modules/instance.py",
   "ftype": "file",
   "chksum_type": "sha256",
   "chksum_sha256": "33368f98ef3e3aaf38f7b67456a0419a647b100ec1d1ab5c9e12b46d4b22bd21",
   "format": 1
  },
  {
   "name": "plugins/modules/instance_group.py",
   "ftype": "file",
   "chksum_type": "sha256",
   "chksum_sha256": "1e407a18abea755ba5dfd85eee184cc9a56584980634ca334caa3581e4a49c93",
   "format": 1
  },
  {
   "name": "plugins/modules/inventory.py",
   "ftype": "file",
   "chksum_type": "sha256",
   "chksum_sha256": "8252956415f392f1f620d33df942739aff2828f3c13b18a64c2c5649a53bca3c",
   "format": 1
  },
  {
   "name": "plugins/modules/inventory_source.py",
   "ftype": "file",
   "chksum_type": "sha256",
   "chksum_sha256": "2748c51ca6ff115e51bc5e5d9cd1df4161704976a56a7ebee57f0ea329a5a689",
   "format": 1
  },
  {
   "name": "plugins/modules/inventory_source_update.py",
   "ftype": "file",
   "chksum_type": "sha256",
   "chksum_sha256": "115f44ce01976a23e7b043d8d0d9996f99e4326c5b23d8e2a6decb5332be5242",
   "format": 1
  },
  {
   "name": "plugins/modules/job_cancel.py",
   "ftype": "file",
   "chksum_type": "sha256",
   "chksum_sha256": "16135c9aad2a93d574136c9dee650dcc8982341c5a034a8a58d41561ff5f3543",
   "format": 1
  },
  {
   "name": "plugins/modules/job_launch.py",
   "ftype": "file",
   "chksum_type": "sha256",
   "chksum_sha256": "041dfdf7a46f272cabb8a3349a3719cc90d222ab082e631c5bc47e520dcb6782",
   "format": 1
  },
  {
   "name": "plugins/modules/job_list.py",
   "ftype": "file",
   "chksum_type": "sha256",
   "chksum_sha256": "05a14841d6bd163909ce4861d64feafd60d9e3474e5501d7e204c3c07e830873",
   "format": 1
  },
  {
   "name": "plugins/modules/job_template.py",
   "ftype": "file",
   "chksum_type": "sha256",
   "chksum_sha256": "4cbcad10c60bc788eab7771e6c29a40b2bc6a62ab4775d7e55c0005e082d3c8d",
   "format": 1
  },
  {
   "name": "plugins/modules/job_wait.py",
   "ftype": "file",
   "chksum_type": "sha256",
   "chksum_sha256": "522050ce9267de5d615a9672cab399f0bb1a43fc52eaad50b6d958bd9d07b7de",
   "format": 1
  },
  {
   "name": "plugins/modules/label.py",
   "ftype": "file",
   "chksum_type": "sha256",
   "chksum_sha256": "c93898037ce2f2cfc94b4a5b346b29aed633d249aa97dd58f3aeb8b337544de8",
   "format": 1
  },
  {
   "name": "plugins/modules/license.py",
   "ftype": "file",
   "chksum_type": "sha256",
   "chksum_sha256": "6e675df5e4cbf3cf92ee4a0d86d888172979546560a6a43f6af5cff5dce23e14",
   "format": 1
  },
  {
   "name": "plugins/modules/notification_template.py",
   "ftype": "file",
   "chksum_type": "sha256",
   "chksum_sha256": "45c57ffbf44165ef1d0f67f8dcc86c6aba9893a7d91f5b7f079cd93088fcf527",
   "format": 1
  },
  {
   "name": "plugins/modules/organization.py",
   "ftype": "file",
   "chksum_type": "sha256",
   "chksum_sha256": "973ae54ab52eccaef73cb1a6f13b3860c4301d481db1f0df098588a1f59e7b44",
   "format": 1
  },
  {
   "name": "plugins/modules/project.py",
   "ftype": "file",
   "chksum_type": "sha256",
   "chksum_sha256": "f1d1ad62010b0e1125a916dca9cb9ba053c3a4a0b72b075572ef806d047385e1",
   "format": 1
  },
  {
   "name": "plugins/modules/project_update.py",
   "ftype": "file",
   "chksum_type": "sha256",
   "chksum_sha256": "3338e602d5a30576798abfd2d5709eddb77961a2e375d15f66d7fe78f577742d",
   "format": 1
  },
  {
   "name": "plugins/modules/role.py",
   "ftype": "file",
   "chksum_type": "sha256",
   "chksum_sha256": "aeba9b2004e588e55984beff24d8bc84361fbcc635521c8bd064b0170830d426",
   "format": 1
  },
  {
   "name": "plugins/modules/schedule.py",
   "ftype": "file",
   "chksum_type": "sha256",
   "chksum_sha256": "517a13e11e8ea5a2bd18e41b933f17e5cfbe611b44f57b7b4cf119091b91fe71",
   "format": 1
  },
  {
   "name": "plugins/modules/settings.py",
   "ftype": "file",
   "chksum_type": "sha256",
   "chksum_sha256": "8b019a1b25116312062f9d034d5b5ae225f725529411328c750dc2e57b1c7d84",
   "format": 1
  },
  {
   "name": "plugins/modules/subscriptions.py",
   "ftype": "file",
   "chksum_type": "sha256",
   "chksum_sha256": "f2338470b000fe5a6260214102bde5f6cd7188a217f18e04667e7b6e26c92e8d",
   "format": 1
  },
  {
   "name": "plugins/modules/team.py",
   "ftype": "file",
   "chksum_type": "sha256",
   "chksum_sha256": "501f54a73e6053cb5be0ee43a36d63be4cab3dc359d5fccf6825b4c861b10037",
   "format": 1
  },
  {
   "name": "plugins/modules/token.py",
   "ftype": "file",
   "chksum_type": "sha256",
   "chksum_sha256": "52d0f54df7421a1e5b3bc2f28f0a085c2fe69dfdd941566f1242a44cd4fc94a3",
   "format": 1
  },
  {
   "name": "plugins/modules/tower_ad_hoc_command.py",
   "ftype": "file",
   "chksum_type": "sha256",
   "chksum_sha256": "5eb61f6ac42c013445048f12bb6268edd58d8408e69a0756501268928a3e81c7",
   "format": 1
  },
  {
   "name": "plugins/modules/tower_ad_hoc_command_cancel.py",
   "ftype": "file",
   "chksum_type": "sha256",
   "chksum_sha256": "79f4b4b06ebb4e370b951c0b37b4c0d992cad7bdfa1eac6236fb0f5223f6ef4e",
   "format": 1
  },
  {
   "name": "plugins/modules/tower_ad_hoc_command_wait.py",
   "ftype": "file",
   "chksum_type": "sha256",
   "chksum_sha256": "58ee12d944965122225be5f9550206f63052235e101e710bb1bb5bde414a325f",
   "format": 1
  },
  {
   "name": "plugins/modules/tower_application.py",
   "ftype": "file",
   "chksum_type": "sha256",
   "chksum_sha256": "ca5f37aefef0703f821a9f68252040d08b0eee4b175c024cf95e9040e9c9f2be",
   "format": 1
  },
  {
   "name": "plugins/modules/tower_controller_meta.py",
   "ftype": "file",
   "chksum_type": "sha256",
   "chksum_sha256": "4efd568369daa6bd8aef39a5b774b83faf58dd80553d124101fbe44ce3737543",
   "format": 1
  },
  {
   "name": "plugins/modules/tower_credential.py",
   "ftype": "file",
   "chksum_type": "sha256",
   "chksum_sha256": "09313f51d91fba901a13614c8085e108c009a42c215d673633a104d4c0c08cd6",
   "format": 1
  },
  {
   "name": "plugins/modules/tower_credential_input_source.py",
   "ftype": "file",
   "chksum_type": "sha256",
   "chksum_sha256": "f6c205abaa76971c278b5566c10b2b9fa31e5e963a17936b9ef58fd79373c453",
   "format": 1
  },
  {
   "name": "plugins/modules/tower_credential_type.py",
   "ftype": "file",
   "chksum_type": "sha256",
   "chksum_sha256": "6493c8cd07a6402f7f6cd4a4ed54a90985f218e68e618bf49d8c510fcf2f6d16",
   "format": 1
  },
  {
   "name": "plugins/modules/tower_execution_environment.py",
   "ftype": "file",
   "chksum_type": "sha256",
   "chksum_sha256": "6b9172b360b32396db7184a4b4be12723d6854951d83f1f106258706d9eae9e5",
   "format": 1
  },
  {
   "name": "plugins/modules/tower_export.py",
   "ftype": "file",
   "chksum_type": "sha256",
   "chksum_sha256": "cc56917dbcfa30108336ff877e7ffc16ff593a113fb5e491098d0aff8747db0d",
   "format": 1
  },
  {
   "name": "plugins/modules/tower_group.py",
   "ftype": "file",
   "chksum_type": "sha256",
   "chksum_sha256": "25e14d2e09dba2e7eb5a5c9666a47adda4317e03204511a3ed572850eb9fbcad",
   "format": 1
  },
  {
   "name": "plugins/modules/tower_host.py",
   "ftype": "file",
   "chksum_type": "sha256",
   "chksum_sha256": "412124d388d452a743d48c472aceb9782e433b5302b32735b5976ddbfce3732e",
   "format": 1
  },
  {
   "name": "plugins/modules/tower_import.py",
   "ftype": "file",
   "chksum_type": "sha256",
   "chksum_sha256": "69fae39b2beb52a18278fe361946fd1e7449c14b65c1fe3dce030d2319c4ead2",
   "format": 1
  },
  {
   "name": "plugins/modules/tower_instance_group.py",
   "ftype": "file",
   "chksum_type": "sha256",
   "chksum_sha256": "1e407a18abea755ba5dfd85eee184cc9a56584980634ca334caa3581e4a49c93",
   "format": 1
  },
  {
   "name": "plugins/modules/tower_inventory.py",
   "ftype": "file",
   "chksum_type": "sha256",
   "chksum_sha256": "8252956415f392f1f620d33df942739aff2828f3c13b18a64c2c5649a53bca3c",
   "format": 1
  },
  {
   "name": "plugins/modules/tower_inventory_source.py",
   "ftype": "file",
   "chksum_type": "sha256",
   "chksum_sha256": "2748c51ca6ff115e51bc5e5d9cd1df4161704976a56a7ebee57f0ea329a5a689",
   "format": 1
  },
  {
   "name": "plugins/modules/tower_inventory_source_update.py",
   "ftype": "file",
   "chksum_type": "sha256",
   "chksum_sha256": "115f44ce01976a23e7b043d8d0d9996f99e4326c5b23d8e2a6decb5332be5242",
   "format": 1
  },
  {
   "name": "plugins/modules/tower_job_cancel.py",
   "ftype": "file",
   "chksum_type": "sha256",
   "chksum_sha256": "16135c9aad2a93d574136c9dee650dcc8982341c5a034a8a58d41561ff5f3543",
   "format": 1
  },
  {
   "name": "plugins/modules/tower_job_launch.py",
   "ftype": "file",
   "chksum_type": "sha256",
   "chksum_sha256": "041dfdf7a46f272cabb8a3349a3719cc90d222ab082e631c5bc47e520dcb6782",
   "format": 1
  },
  {
   "name": "plugins/modules/tower_job_list.py",
   "ftype": "file",
   "chksum_type": "sha256",
   "chksum_sha256": "05a14841d6bd163909ce4861d64feafd60d9e3474e5501d7e204c3c07e830873",
   "format": 1
  },
  {
   "name": "plugins/modules/tower_job_template.py",
   "ftype": "file",
   "chksum_type": "sha256",
   "chksum_sha256": "4cbcad10c60bc788eab7771e6c29a40b2bc6a62ab4775d7e55c0005e082d3c8d",
   "format": 1
  },
  {
   "name": "plugins/modules/tower_job_wait.py",
   "ftype": "file",
   "chksum_type": "sha256",
   "chksum_sha256": "522050ce9267de5d615a9672cab399f0bb1a43fc52eaad50b6d958bd9d07b7de",
   "format": 1
  },
  {
   "name": "plugins/modules/tower_label.py",
   "ftype": "file",
   "chksum_type": "sha256",
   "chksum_sha256": "c93898037ce2f2cfc94b4a5b346b29aed633d249aa97dd58f3aeb8b337544de8",
   "format": 1
  },
  {
   "name": "plugins/modules/tower_license.py",
   "ftype": "file",
   "chksum_type": "sha256",
   "chksum_sha256": "6e675df5e4cbf3cf92ee4a0d86d888172979546560a6a43f6af5cff5dce23e14",
   "format": 1
  },
  {
   "name": "plugins/modules/tower_notification_template.py",
   "ftype": "file",
   "chksum_type": "sha256",
   "chksum_sha256": "45c57ffbf44165ef1d0f67f8dcc86c6aba9893a7d91f5b7f079cd93088fcf527",
   "format": 1
  },
  {
   "name": "plugins/modules/tower_organization.py",
   "ftype": "file",
   "chksum_type": "sha256",
   "chksum_sha256": "973ae54ab52eccaef73cb1a6f13b3860c4301d481db1f0df098588a1f59e7b44",
   "format": 1
  },
  {
   "name": "plugins/modules/tower_project.py",
   "ftype": "file",
   "chksum_type": "sha256",
   "chksum_sha256": "f1d1ad62010b0e1125a916dca9cb9ba053c3a4a0b72b075572ef806d047385e1",
   "format": 1
  },
  {
   "name": "plugins/modules/tower_project_update.py",
   "ftype": "file",
   "chksum_type": "sha256",
   "chksum_sha256": "3338e602d5a30576798abfd2d5709eddb77961a2e375d15f66d7fe78f577742d",
   "format": 1
  },
  {
   "name": "plugins/modules/tower_role.py",
   "ftype": "file",
   "chksum_type": "sha256",
   "chksum_sha256": "aeba9b2004e588e55984beff24d8bc84361fbcc635521c8bd064b0170830d426",
   "format": 1
  },
  {
   "name": "plugins/modules/tower_schedule.py",
   "ftype": "file",
   "chksum_type": "sha256",
   "chksum_sha256": "517a13e11e8ea5a2bd18e41b933f17e5cfbe611b44f57b7b4cf119091b91fe71",
   "format": 1
  },
  {
   "name": "plugins/modules/tower_settings.py",
   "ftype": "file",
   "chksum_type": "sha256",
   "chksum_sha256": "8b019a1b25116312062f9d034d5b5ae225f725529411328c750dc2e57b1c7d84",
   "format": 1
  },
  {
   "name": "plugins/modules/tower_team.py",
   "ftype": "file",
   "chksum_type": "sha256",
   "chksum_sha256": "501f54a73e6053cb5be0ee43a36d63be4cab3dc359d5fccf6825b4c861b10037",
   "format": 1
  },
  {
   "name": "plugins/modules/tower_token.py",
   "ftype": "file",
   "chksum_type": "sha256",
   "chksum_sha256": "52d0f54df7421a1e5b3bc2f28f0a085c2fe69dfdd941566f1242a44cd4fc94a3",
   "format": 1
  },
  {
   "name": "plugins/modules/tower_user.py",
   "ftype": "file",
   "chksum_type": "sha256",
   "chksum_sha256": "540a0b28a05931d76dab09bee44e3ec622bca6b590c2764a23d1d4a096e48240",
   "format": 1
  },
  {
   "name": "plugins/modules/tower_workflow_approval.py",
   "ftype": "file",
   "chksum_type": "sha256",
   "chksum_sha256": "0062f4eb714a162f5cdff9e969ab6c9fa718c72a4dfd471ac4da611ae2cd4168",
   "format": 1
  },
  {
   "name": "plugins/modules/tower_workflow_job_template.py",
   "ftype": "file",
   "chksum_type": "sha256",
   "chksum_sha256": "5a8badeeb5ad896e38c577c7d0ac8c8b9ef0faa333bf0f6909108a7c97c01efe",
   "format": 1
  },
  {
   "name": "plugins/modules/tower_workflow_job_template_node.py",
   "ftype": "file",
   "chksum_type": "sha256",
   "chksum_sha256": "c306fb10a0a28a09054058cc4a93f03c21341813ae0be5279da3c49cb7712bed",
   "format": 1
  },
  {
   "name": "plugins/modules/tower_workflow_launch.py",
   "ftype": "file",
   "chksum_type": "sha256",
   "chksum_sha256": "5147d5d4c4c817cd4201f3f945f9dbbb75a80488a6ac16e19ad65e75174f4460",
   "format": 1
  },
  {
   "name": "plugins/modules/tower_workflow_node_wait.py",
   "ftype": "file",
   "chksum_type": "sha256",
   "chksum_sha256": "30e43f8a270e36b72b18b146bd3471c80fc46a289c7e43f12ab81dfa1f8a9fb4",
   "format": 1
  },
  {
   "name": "plugins/modules/user.py",
   "ftype": "file",
   "chksum_type": "sha256",
   "chksum_sha256": "540a0b28a05931d76dab09bee44e3ec622bca6b590c2764a23d1d4a096e48240",
   "format": 1
  },
  {
   "name": "plugins/modules/workflow_approval.py",
   "ftype": "file",
   "chksum_type": "sha256",
   "chksum_sha256": "0062f4eb714a162f5cdff9e969ab6c9fa718c72a4dfd471ac4da611ae2cd4168",
   "format": 1
  },
  {
   "name": "plugins/modules/workflow_job_template.py",
   "ftype": "file",
   "chksum_type": "sha256",
   "chksum_sha256": "5a8badeeb5ad896e38c577c7d0ac8c8b9ef0faa333bf0f6909108a7c97c01efe",
   "format": 1
  },
  {
   "name": "plugins/modules/workflow_job_template_node.py",
   "ftype": "file",
   "chksum_type": "sha256",
   "chksum_sha256": "c306fb10a0a28a09054058cc4a93f03c21341813ae0be5279da3c49cb7712bed",
   "format": 1
  },
  {
   "name": "plugins/modules/workflow_launch.py",
   "ftype": "file",
   "chksum_type": "sha256",
   "chksum_sha256": "5147d5d4c4c817cd4201f3f945f9dbbb75a80488a6ac16e19ad65e75174f4460",
   "format": 1
  },
  {
   "name": "plugins/modules/workflow_node_wait.py",
   "ftype": "file",
   "chksum_type": "sha256",
   "chksum_sha256": "30e43f8a270e36b72b18b146bd3471c80fc46a289c7e43f12ab81dfa1f8a9fb4",
   "format": 1
  },
  {
   "name": "requirements.txt",
   "ftype": "file",
   "chksum_type": "sha256",
   "chksum_sha256": "2eb11923e1347afc5075a7871e206a8f15a68471c90012f7386e9db0875e70bf",
   "format": 1
  },
  {
   "name": "test",
   "ftype": "dir",
   "chksum_type": null,
   "chksum_sha256": null,
   "format": 1
  },
  {
   "name": "test/awx",
   "ftype": "dir",
   "chksum_type": null,
   "chksum_sha256": null,
   "format": 1
  },
  {
   "name": "test/awx/conftest.py",
   "ftype": "file",
   "chksum_type": "sha256",
   "chksum_sha256": "4c2ac05f4e9b038f336acb6d082efdd9307c7414fedc6f055d56e17499d58c58",
   "format": 1
  },
  {
   "name": "test/awx/test_ad_hoc_wait.py",
   "ftype": "file",
   "chksum_type": "sha256",
   "chksum_sha256": "daed2a74d3f64fd0300255050dc8c732158db401323f44da66ccb4bf84b59633",
   "format": 1
  },
  {
   "name": "test/awx/test_application.py",
   "ftype": "file",
   "chksum_type": "sha256",
   "chksum_sha256": "a106d5fbffbe1eaec36d8247979ca637ee733a29abf94d955c48be8d2fd16842",
   "format": 1
  },
  {
   "name": "test/awx/test_completeness.py",
   "ftype": "file",
   "chksum_type": "sha256",
   "chksum_sha256": "cb2846a380c9149ceafac4cc24bf1c0af874452e501613c9baacca4e0a0fa60f",
   "format": 1
  },
  {
   "name": "test/awx/test_credential.py",
   "ftype": "file",
   "chksum_type": "sha256",
   "chksum_sha256": "1f8348d6f37932997c7971beb8c5f92cf649523e3d3c5d5e859846460d7d1e8d",
   "format": 1
  },
  {
   "name": "test/awx/test_credential_input_source.py",
   "ftype": "file",
   "chksum_type": "sha256",
   "chksum_sha256": "9637a418c0b0e59261ec0d1c206ff2d3574a41a8a169068bbf74588e3a4214b2",
   "format": 1
  },
  {
   "name": "test/awx/test_credential_type.py",
   "ftype": "file",
   "chksum_type": "sha256",
   "chksum_sha256": "1fe388a0c19f08006c7718766d5faa79540dd3b14547ced43b5a237a2c2fd877",
   "format": 1
  },
  {
   "name": "test/awx/test_group.py",
   "ftype": "file",
   "chksum_type": "sha256",
   "chksum_sha256": "1ecf188e82d4c848de64c8f7fd7af2d4adb6887c6a448771ff51bb43c4fa8128",
   "format": 1
  },
  {
   "name": "test/awx/test_instance_group.py",
   "ftype": "file",
   "chksum_type": "sha256",
   "chksum_sha256": "9ce22bf5e6baa63ab096c9377478f8a3af33624def33e52753342e435924e573",
   "format": 1
  },
  {
   "name": "test/awx/test_inventory.py",
   "ftype": "file",
   "chksum_type": "sha256",
   "chksum_sha256": "70eac0cf78806e37406137fcfb97e5a249fd6b091b1f18e812278573049a4111",
   "format": 1
  },
  {
   "name": "test/awx/test_inventory_source.py",
   "ftype": "file",
   "chksum_type": "sha256",
   "chksum_sha256": "a0198aefe81dc46bf639e76448a8c9265a62cde2cbbae7c4ad33d831fd86f594",
   "format": 1
  },
  {
   "name": "test/awx/test_job.py",
   "ftype": "file",
   "chksum_type": "sha256",
   "chksum_sha256": "76ba45e14438425f7511d196613928d64253e1912a45b71ea842b1cb2c3ca335",
   "format": 1
  },
  {
   "name": "test/awx/test_job_template.py",
   "ftype": "file",
   "chksum_type": "sha256",
   "chksum_sha256": "75528184cbc1e92aafc05360990d0280cf64f3bb7049120090ef25a3feb114ac",
   "format": 1
  },
  {
   "name": "test/awx/test_label.py",
   "ftype": "file",
   "chksum_type": "sha256",
   "chksum_sha256": "cd957d0b0cab6dd51539baf3fb27b659b91a8e57b20aae4c5cce7eaec9cec494",
   "format": 1
  },
  {
   "name": "test/awx/test_module_utils.py",
   "ftype": "file",
   "chksum_type": "sha256",
   "chksum_sha256": "da19747889f28cba3f49836ef64363a010c6cb78650456183efba297d71f0def",
   "format": 1
  },
  {
   "name": "test/awx/test_notification_template.py",
   "ftype": "file",
   "chksum_type": "sha256",
   "chksum_sha256": "f40d5b65fbc78d12570f37799c8e240cfb90d9948421d3db82af6427fd14854f",
   "format": 1
  },
  {
   "name": "test/awx/test_organization.py",
   "ftype": "file",
   "chksum_type": "sha256",
   "chksum_sha256": "90dacaf268600864f01bdfdb0eb34f0225a605320b5af73754cbc229610e5d24",
   "format": 1
  },
  {
   "name": "test/awx/test_project.py",
   "ftype": "file",
   "chksum_type": "sha256",
   "chksum_sha256": "cf58721b4d21e20a0cdb5fe66c8450080e5e9222a664762582d3dd2b554b3276",
   "format": 1
  },
  {
   "name": "test/awx/test_role.py",
   "ftype": "file",
   "chksum_type": "sha256",
   "chksum_sha256": "8f0340f77fd1465cf6e267b301e44ae86c5238b05aa89bd7fff145726a83ebb4",
   "format": 1
  },
  {
   "name": "test/awx/test_schedule.py",
   "ftype": "file",
   "chksum_type": "sha256",
   "chksum_sha256": "39fd8f82afe1c108bc460c27662a27f272a1a3746a099ad0d5566ed9384950b4",
   "format": 1
  },
  {
   "name": "test/awx/test_settings.py",
   "ftype": "file",
   "chksum_type": "sha256",
   "chksum_sha256": "436c13933936e7b80dd26c61ea1dbf492c13974f2922f1543c4fe6e6b0fab0dd",
   "format": 1
  },
  {
   "name": "test/awx/test_team.py",
   "ftype": "file",
   "chksum_type": "sha256",
   "chksum_sha256": "cbbdbdb3be0b0d80dcfcf337ed0095774cf73ef0e937d3e8dc5abab21739db5d",
   "format": 1
  },
  {
   "name": "test/awx/test_token.py",
   "ftype": "file",
   "chksum_type": "sha256",
   "chksum_sha256": "118145cdd5f6a03df7a7a608d5f9e510236b2a54f9bcd456f4294ba69f0f4fad",
   "format": 1
  },
  {
   "name": "test/awx/test_user.py",
   "ftype": "file",
   "chksum_type": "sha256",
   "chksum_sha256": "f9520b058e16e4e4800d3a5f70cd28650a365fa357afa1d41a8c63bf3354027e",
   "format": 1
  },
  {
   "name": "test/awx/test_workflow_job_template.py",
   "ftype": "file",
   "chksum_type": "sha256",
   "chksum_sha256": "16c8ebc74606940f6ee1f51a191f22b497c176a46e770e886bbf94bdf0c25842",
   "format": 1
  },
  {
   "name": "test/awx/test_workflow_job_template_node.py",
   "ftype": "file",
   "chksum_type": "sha256",
   "chksum_sha256": "0806356bfd91b28153baa63ca8cbf8f7da1125dd5150e38e73aa37c65e236f6b",
   "format": 1
  },
  {
   "name": "tests",
   "ftype": "dir",
   "chksum_type": null,
   "chksum_sha256": null,
   "format": 1
  },
  {
   "name": "tests/integration",
   "ftype": "dir",
   "chksum_type": null,
   "chksum_sha256": null,
   "format": 1
  },
  {
   "name": "tests/integration/targets",
   "ftype": "dir",
   "chksum_type": null,
   "chksum_sha256": null,
   "format": 1
  },
  {
   "name": "tests/integration/targets/ad_hoc_command",
   "ftype": "dir",
   "chksum_type": null,
   "chksum_sha256": null,
   "format": 1
  },
  {
   "name": "tests/integration/targets/ad_hoc_command/tasks",
   "ftype": "dir",
   "chksum_type": null,
   "chksum_sha256": null,
   "format": 1
  },
  {
   "name": "tests/integration/targets/ad_hoc_command/tasks/main.yml",
   "ftype": "file",
   "chksum_type": "sha256",
   "chksum_sha256": "e77cbce44dc257461c1edb3602690be28a7d8bf5e11384c9f5f401b6e1cb3149",
   "format": 1
  },
  {
   "name": "tests/integration/targets/ad_hoc_command_cancel",
   "ftype": "dir",
   "chksum_type": null,
   "chksum_sha256": null,
   "format": 1
  },
  {
   "name": "tests/integration/targets/ad_hoc_command_cancel/tasks",
   "ftype": "dir",
   "chksum_type": null,
   "chksum_sha256": null,
   "format": 1
  },
  {
   "name": "tests/integration/targets/ad_hoc_command_cancel/tasks/main.yml",
   "ftype": "file",
   "chksum_type": "sha256",
   "chksum_sha256": "56ed6ec9a6fcc12f2bfa377812852308cef4310d3edf6b66347553c9e020beea",
   "format": 1
  },
  {
   "name": "tests/integration/targets/ad_hoc_command_wait",
   "ftype": "dir",
   "chksum_type": null,
   "chksum_sha256": null,
   "format": 1
  },
  {
   "name": "tests/integration/targets/ad_hoc_command_wait/tasks",
   "ftype": "dir",
   "chksum_type": null,
   "chksum_sha256": null,
   "format": 1
  },
  {
   "name": "tests/integration/targets/ad_hoc_command_wait/tasks/main.yml",
   "ftype": "file",
   "chksum_type": "sha256",
   "chksum_sha256": "ce9d9c82599c3673f4a0d7da0b7af4437bb32689b5ff607266f0c875a7b7f2b7",
   "format": 1
  },
  {
   "name": "tests/integration/targets/application",
   "ftype": "dir",
   "chksum_type": null,
   "chksum_sha256": null,
   "format": 1
  },
  {
   "name": "tests/integration/targets/application/tasks",
   "ftype": "dir",
   "chksum_type": null,
   "chksum_sha256": null,
   "format": 1
  },
  {
   "name": "tests/integration/targets/application/tasks/main.yml",
   "ftype": "file",
   "chksum_type": "sha256",
   "chksum_sha256": "d95ffd0fd9a79fd5c9bd95841d6e88f0ad9a8d2f4376a1d66a3432a48cc8e445",
   "format": 1
  },
  {
   "name": "tests/integration/targets/credential",
   "ftype": "dir",
   "chksum_type": null,
   "chksum_sha256": null,
   "format": 1
  },
  {
   "name": "tests/integration/targets/credential/tasks",
   "ftype": "dir",
   "chksum_type": null,
   "chksum_sha256": null,
   "format": 1
  },
  {
   "name": "tests/integration/targets/credential/tasks/main.yml",
   "ftype": "file",
   "chksum_type": "sha256",
   "chksum_sha256": "df1406f279fb76a35c21f2e178b20f6268f30b15305200d7bff4f70d051d3284",
   "format": 1
  },
  {
   "name": "tests/integration/targets/credential_input_source",
   "ftype": "dir",
   "chksum_type": null,
   "chksum_sha256": null,
   "format": 1
  },
  {
   "name": "tests/integration/targets/credential_input_source/tasks",
   "ftype": "dir",
   "chksum_type": null,
   "chksum_sha256": null,
   "format": 1
  },
  {
   "name": "tests/integration/targets/credential_input_source/tasks/main.yml",
   "ftype": "file",
   "chksum_type": "sha256",
   "chksum_sha256": "3e35b7229f1be070bf38bd2d768f32232905f0cb2ffc157df3234802dd728182",
   "format": 1
  },
  {
   "name": "tests/integration/targets/credential_type",
   "ftype": "dir",
   "chksum_type": null,
   "chksum_sha256": null,
   "format": 1
  },
  {
   "name": "tests/integration/targets/credential_type/tasks",
   "ftype": "dir",
   "chksum_type": null,
   "chksum_sha256": null,
   "format": 1
  },
  {
   "name": "tests/integration/targets/credential_type/tasks/main.yml",
   "ftype": "file",
   "chksum_type": "sha256",
   "chksum_sha256": "b354b1b26b90216a8460fc9d478422c825f87d0dc1d59074acdc4650e8a0fb34",
   "format": 1
  },
  {
   "name": "tests/integration/targets/demo_data",
   "ftype": "dir",
   "chksum_type": null,
   "chksum_sha256": null,
   "format": 1
  },
  {
   "name": "tests/integration/targets/demo_data/tasks",
   "ftype": "dir",
   "chksum_type": null,
   "chksum_sha256": null,
   "format": 1
  },
  {
   "name": "tests/integration/targets/demo_data/tasks/main.yml",
   "ftype": "file",
   "chksum_type": "sha256",
   "chksum_sha256": "c614e14de468fe0359f1488017d458a8dc372db9e2f0586bc8cdc4ba454a5a02",
   "format": 1
  },
  {
   "name": "tests/integration/targets/execution_environment",
   "ftype": "dir",
   "chksum_type": null,
   "chksum_sha256": null,
   "format": 1
  },
  {
   "name": "tests/integration/targets/execution_environment/tasks",
   "ftype": "dir",
   "chksum_type": null,
   "chksum_sha256": null,
   "format": 1
  },
  {
   "name": "tests/integration/targets/execution_environment/tasks/main.yml",
   "ftype": "file",
   "chksum_type": "sha256",
   "chksum_sha256": "f51f07de38999eff7fbacbd72929a622afc5b9fb01f2acd44cae288978948c64",
   "format": 1
  },
  {
   "name": "tests/integration/targets/export",
   "ftype": "dir",
   "chksum_type": null,
   "chksum_sha256": null,
   "format": 1
  },
  {
   "name": "tests/integration/targets/export/aliases",
   "ftype": "file",
   "chksum_type": "sha256",
   "chksum_sha256": "52e1315ef042495cdf2b0ce22d8ba47f726dce15b968e301a795be1f69045f20",
   "format": 1
  },
  {
   "name": "tests/integration/targets/export/tasks",
   "ftype": "dir",
   "chksum_type": null,
   "chksum_sha256": null,
   "format": 1
  },
  {
   "name": "tests/integration/targets/export/tasks/main.yml",
   "ftype": "file",
   "chksum_type": "sha256",
   "chksum_sha256": "800c50f2f374c4e2dff5ff353777dbdcb6b0fb92eb0a304f512d88e550b42989",
   "format": 1
  },
  {
   "name": "tests/integration/targets/group",
   "ftype": "dir",
   "chksum_type": null,
   "chksum_sha256": null,
   "format": 1
  },
  {
   "name": "tests/integration/targets/group/tasks",
   "ftype": "dir",
   "chksum_type": null,
   "chksum_sha256": null,
   "format": 1
  },
  {
   "name": "tests/integration/targets/group/tasks/main.yml",
   "ftype": "file",
   "chksum_type": "sha256",
   "chksum_sha256": "1ce331c72fa80043972ca32bd9e9fe02394e9ead0aaa4664affd3fa19bf5c174",
   "format": 1
  },
  {
   "name": "tests/integration/targets/host",
   "ftype": "dir",
   "chksum_type": null,
   "chksum_sha256": null,
   "format": 1
  },
  {
   "name": "tests/integration/targets/host/tasks",
   "ftype": "dir",
   "chksum_type": null,
   "chksum_sha256": null,
   "format": 1
  },
  {
   "name": "tests/integration/targets/host/tasks/main.yml",
   "ftype": "file",
   "chksum_type": "sha256",
   "chksum_sha256": "9490898a74c074d553d8ac98dbc1d59bebc1d2a1f1899f28fd3165125ddfd44a",
   "format": 1
  },
  {
   "name": "tests/integration/targets/import",
   "ftype": "dir",
   "chksum_type": null,
   "chksum_sha256": null,
   "format": 1
  },
  {
   "name": "tests/integration/targets/import/aliases",
   "ftype": "file",
   "chksum_type": "sha256",
   "chksum_sha256": "52e1315ef042495cdf2b0ce22d8ba47f726dce15b968e301a795be1f69045f20",
   "format": 1
  },
  {
   "name": "tests/integration/targets/import/tasks",
   "ftype": "dir",
   "chksum_type": null,
   "chksum_sha256": null,
   "format": 1
  },
  {
   "name": "tests/integration/targets/import/tasks/main.yml",
   "ftype": "file",
   "chksum_type": "sha256",
   "chksum_sha256": "59c0ace95e680d9874fe15c76889c1b4beb38d2d3c66a11499581b0f328ec25a",
   "format": 1
  },
  {
   "name": "tests/integration/targets/instance",
   "ftype": "dir",
   "chksum_type": null,
   "chksum_sha256": null,
   "format": 1
  },
  {
   "name": "tests/integration/targets/instance/tasks",
   "ftype": "dir",
   "chksum_type": null,
   "chksum_sha256": null,
   "format": 1
  },
  {
   "name": "tests/integration/targets/instance/tasks/main.yml",
   "ftype": "file",
   "chksum_type": "sha256",
   "chksum_sha256": "ac9cfa73e0dca95a3135e5197e5815fa3aacd416ef4ea6cba25d52d5f28328d3",
   "format": 1
  },
  {
   "name": "tests/integration/targets/instance_group",
   "ftype": "dir",
   "chksum_type": null,
   "chksum_sha256": null,
   "format": 1
  },
  {
   "name": "tests/integration/targets/instance_group/tasks",
   "ftype": "dir",
   "chksum_type": null,
   "chksum_sha256": null,
   "format": 1
  },
  {
   "name": "tests/integration/targets/instance_group/tasks/main.yml",
   "ftype": "file",
   "chksum_type": "sha256",
   "chksum_sha256": "2498af3df7c31531b3d029afea14945fc211c6cc8a535a855330fb699e7a7d32",
   "format": 1
  },
  {
   "name": "tests/integration/targets/inventory",
   "ftype": "dir",
   "chksum_type": null,
   "chksum_sha256": null,
   "format": 1
  },
  {
   "name": "tests/integration/targets/inventory/tasks",
   "ftype": "dir",
   "chksum_type": null,
   "chksum_sha256": null,
   "format": 1
  },
  {
   "name": "tests/integration/targets/inventory/tasks/main.yml",
   "ftype": "file",
   "chksum_type": "sha256",
   "chksum_sha256": "40d4e282aabbabbf5aff3ea6f966d3782852aa3204f33d65e216ede5e0fd66fe",
   "format": 1
  },
  {
   "name": "tests/integration/targets/inventory_source",
   "ftype": "dir",
   "chksum_type": null,
   "chksum_sha256": null,
   "format": 1
  },
  {
   "name": "tests/integration/targets/inventory_source/tasks",
   "ftype": "dir",
   "chksum_type": null,
   "chksum_sha256": null,
   "format": 1
  },
  {
   "name": "tests/integration/targets/inventory_source/tasks/main.yml",
   "ftype": "file",
   "chksum_type": "sha256",
   "chksum_sha256": "55ef33f725875c00e6e31a928aff85257aacf5689c7f64a0924963c44b35c5af",
   "format": 1
  },
  {
   "name": "tests/integration/targets/inventory_source_update",
   "ftype": "dir",
   "chksum_type": null,
   "chksum_sha256": null,
   "format": 1
  },
  {
   "name": "tests/integration/targets/inventory_source_update/tasks",
   "ftype": "dir",
   "chksum_type": null,
   "chksum_sha256": null,
   "format": 1
  },
  {
   "name": "tests/integration/targets/inventory_source_update/tasks/main.yml",
   "ftype": "file",
   "chksum_type": "sha256",
   "chksum_sha256": "68020f9b2d9cb3a0959b5e1d8a4a67e0249452e710e34c22421682b1f6e0eac2",
   "format": 1
  },
  {
   "name": "tests/integration/targets/job_cancel",
   "ftype": "dir",
   "chksum_type": null,
   "chksum_sha256": null,
   "format": 1
  },
  {
   "name": "tests/integration/targets/job_cancel/tasks",
   "ftype": "dir",
   "chksum_type": null,
   "chksum_sha256": null,
   "format": 1
  },
  {
   "name": "tests/integration/targets/job_cancel/tasks/main.yml",
   "ftype": "file",
   "chksum_type": "sha256",
   "chksum_sha256": "72e23ca4c467f6b23f23577597ad891613ec780c25fc00bb73bd3cd438783b2a",
   "format": 1
  },
  {
   "name": "tests/integration/targets/job_launch",
   "ftype": "dir",
   "chksum_type": null,
   "chksum_sha256": null,
   "format": 1
  },
  {
   "name": "tests/integration/targets/job_launch/tasks",
   "ftype": "dir",
   "chksum_type": null,
   "chksum_sha256": null,
   "format": 1
  },
  {
   "name": "tests/integration/targets/job_launch/tasks/main.yml",
   "ftype": "file",
   "chksum_type": "sha256",
   "chksum_sha256": "f4c564c9b92788fec1a7bdbe7ca53b2106ac7fee649912c64e366575ed3eb72a",
   "format": 1
  },
  {
   "name": "tests/integration/targets/job_list",
   "ftype": "dir",
   "chksum_type": null,
   "chksum_sha256": null,
   "format": 1
  },
  {
   "name": "tests/integration/targets/job_list/tasks",
   "ftype": "dir",
   "chksum_type": null,
   "chksum_sha256": null,
   "format": 1
  },
  {
   "name": "tests/integration/targets/job_list/tasks/main.yml",
   "ftype": "file",
   "chksum_type": "sha256",
   "chksum_sha256": "0f71862d199385973c479a2ce6a2c9eb060c80cfca19b82026a19ec60308f1b3",
   "format": 1
  },
  {
   "name": "tests/integration/targets/job_template",
   "ftype": "dir",
   "chksum_type": null,
   "chksum_sha256": null,
   "format": 1
  },
  {
   "name": "tests/integration/targets/job_template/tasks",
   "ftype": "dir",
   "chksum_type": null,
   "chksum_sha256": null,
   "format": 1
  },
  {
   "name": "tests/integration/targets/job_template/tasks/main.yml",
   "ftype": "file",
   "chksum_type": "sha256",
   "chksum_sha256": "121573eb6c0556945387c8c8eb533dda8da637c3470c6b53a4cdd7d85f1b58d6",
   "format": 1
  },
  {
   "name": "tests/integration/targets/job_wait",
   "ftype": "dir",
   "chksum_type": null,
   "chksum_sha256": null,
   "format": 1
  },
  {
   "name": "tests/integration/targets/job_wait/tasks",
   "ftype": "dir",
   "chksum_type": null,
   "chksum_sha256": null,
   "format": 1
  },
  {
   "name": "tests/integration/targets/job_wait/tasks/main.yml",
   "ftype": "file",
   "chksum_type": "sha256",
   "chksum_sha256": "d7dd7fb1b9b81268a3d35a9df424fc977df5463bdef0c00b34bda6fab98682c9",
   "format": 1
  },
  {
   "name": "tests/integration/targets/label",
   "ftype": "dir",
   "chksum_type": null,
   "chksum_sha256": null,
   "format": 1
  },
  {
   "name": "tests/integration/targets/label/tasks",
   "ftype": "dir",
   "chksum_type": null,
   "chksum_sha256": null,
   "format": 1
  },
  {
   "name": "tests/integration/targets/label/tasks/main.yml",
   "ftype": "file",
   "chksum_type": "sha256",
   "chksum_sha256": "a54774f0ce66904eb1ab7c1389add53c60672d2b2d29b670034712f59e99d27d",
   "format": 1
  },
  {
   "name": "tests/integration/targets/lookup_api_plugin",
   "ftype": "dir",
   "chksum_type": null,
   "chksum_sha256": null,
   "format": 1
  },
  {
   "name": "tests/integration/targets/lookup_api_plugin/tasks",
   "ftype": "dir",
   "chksum_type": null,
   "chksum_sha256": null,
   "format": 1
  },
  {
   "name": "tests/integration/targets/lookup_api_plugin/tasks/main.yml",
   "ftype": "file",
   "chksum_type": "sha256",
   "chksum_sha256": "47cef42bc4e964a87b40e72272deba088081becec1bc1399b62975b1e134ae66",
   "format": 1
  },
  {
   "name": "tests/integration/targets/lookup_rruleset",
   "ftype": "dir",
   "chksum_type": null,
   "chksum_sha256": null,
   "format": 1
  },
  {
   "name": "tests/integration/targets/lookup_rruleset/tasks",
   "ftype": "dir",
   "chksum_type": null,
   "chksum_sha256": null,
   "format": 1
  },
  {
   "name": "tests/integration/targets/lookup_rruleset/tasks/main.yml",
   "ftype": "file",
   "chksum_type": "sha256",
   "chksum_sha256": "dd1d0b2f9bab1e977dc9e10be443b8e59da7ea5d328eb04939ada9be334c9811",
   "format": 1
  },
  {
   "name": "tests/integration/targets/notification_template",
   "ftype": "dir",
   "chksum_type": null,
   "chksum_sha256": null,
   "format": 1
  },
  {
   "name": "tests/integration/targets/notification_template/tasks",
   "ftype": "dir",
   "chksum_type": null,
   "chksum_sha256": null,
   "format": 1
  },
  {
   "name": "tests/integration/targets/notification_template/tasks/main.yml",
   "ftype": "file",
   "chksum_type": "sha256",
   "chksum_sha256": "fe7f0d86e9bde61f8b708757f0b0627f5ace6b7cbdaf7103f8b247289ae5a295",
   "format": 1
  },
  {
   "name": "tests/integration/targets/organization",
   "ftype": "dir",
   "chksum_type": null,
   "chksum_sha256": null,
   "format": 1
  },
  {
   "name": "tests/integration/targets/organization/tasks",
   "ftype": "dir",
   "chksum_type": null,
   "chksum_sha256": null,
   "format": 1
  },
  {
   "name": "tests/integration/targets/organization/tasks/main.yml",
   "ftype": "file",
   "chksum_type": "sha256",
   "chksum_sha256": "73853c4fd1dde833e599df55d8636e3cabac2e1139eac0785c75a9b7b6fac00f",
   "format": 1
  },
  {
   "name": "tests/integration/targets/project",
   "ftype": "dir",
   "chksum_type": null,
   "chksum_sha256": null,
   "format": 1
  },
  {
   "name": "tests/integration/targets/project/tasks",
   "ftype": "dir",
   "chksum_type": null,
   "chksum_sha256": null,
   "format": 1
  },
  {
   "name": "tests/integration/targets/project/tasks/main.yml",
   "ftype": "file",
   "chksum_type": "sha256",
   "chksum_sha256": "6267e4d55fe0c8ac80f174bd90deb37ba3dea9825eef2ec9ce28f6863cfed562",
   "format": 1
  },
  {
   "name": "tests/integration/targets/project_manual",
   "ftype": "dir",
   "chksum_type": null,
   "chksum_sha256": null,
   "format": 1
  },
  {
   "name": "tests/integration/targets/project_manual/tasks",
   "ftype": "dir",
   "chksum_type": null,
   "chksum_sha256": null,
   "format": 1
  },
  {
   "name": "tests/integration/targets/project_manual/tasks/create_project_dir.yml",
   "ftype": "file",
   "chksum_type": "sha256",
   "chksum_sha256": "fcada9d78f672fa24a3e745389f7e80f882a6d416d80c681ff8ab225438091cb",
   "format": 1
  },
  {
   "name": "tests/integration/targets/project_manual/tasks/main.yml",
   "ftype": "file",
   "chksum_type": "sha256",
   "chksum_sha256": "a1773c1365a408448e4facc5efdcc1b1e9f1f4a05e2eed59197dac00e9fa5105",
   "format": 1
  },
  {
   "name": "tests/integration/targets/project_update",
   "ftype": "dir",
   "chksum_type": null,
   "chksum_sha256": null,
   "format": 1
  },
  {
   "name": "tests/integration/targets/project_update/tasks",
   "ftype": "dir",
   "chksum_type": null,
   "chksum_sha256": null,
   "format": 1
  },
  {
   "name": "tests/integration/targets/project_update/tasks/main.yml",
   "ftype": "file",
   "chksum_type": "sha256",
   "chksum_sha256": "cfe9600b0f76c887c924cc051dbd978559f58ca45ad88c760fc44a1a4f1c5a08",
   "format": 1
  },
  {
   "name": "tests/integration/targets/role",
   "ftype": "dir",
   "chksum_type": null,
   "chksum_sha256": null,
   "format": 1
  },
  {
   "name": "tests/integration/targets/role/tasks",
   "ftype": "dir",
   "chksum_type": null,
   "chksum_sha256": null,
   "format": 1
  },
  {
   "name": "tests/integration/targets/role/tasks/main.yml",
   "ftype": "file",
   "chksum_type": "sha256",
   "chksum_sha256": "b5f1f2624634486869b5e587c44fb44d0849b926364bd14766a8921cbcfe3674",
   "format": 1
  },
  {
   "name": "tests/integration/targets/schedule",
   "ftype": "dir",
   "chksum_type": null,
   "chksum_sha256": null,
   "format": 1
  },
  {
   "name": "tests/integration/targets/schedule/tasks",
   "ftype": "dir",
   "chksum_type": null,
   "chksum_sha256": null,
   "format": 1
  },
  {
   "name": "tests/integration/targets/schedule/tasks/main.yml",
   "ftype": "file",
   "chksum_type": "sha256",
   "chksum_sha256": "617b00f1a2de9e876ce63a471be371ac0e1622e8ab45062e9de8f5ea9ad8d4b2",
   "format": 1
  },
  {
   "name": "tests/integration/targets/schedule_rrule",
   "ftype": "dir",
   "chksum_type": null,
   "chksum_sha256": null,
   "format": 1
  },
  {
   "name": "tests/integration/targets/schedule_rrule/tasks",
   "ftype": "dir",
   "chksum_type": null,
   "chksum_sha256": null,
   "format": 1
  },
  {
   "name": "tests/integration/targets/schedule_rrule/tasks/main.yml",
   "ftype": "file",
   "chksum_type": "sha256",
   "chksum_sha256": "2d3b202620a305fcf477836f22ce7e52a195b0f43b3c854ffec5763d6411b26b",
   "format": 1
  },
  {
   "name": "tests/integration/targets/settings",
   "ftype": "dir",
   "chksum_type": null,
   "chksum_sha256": null,
   "format": 1
  },
  {
   "name": "tests/integration/targets/settings/tasks",
   "ftype": "dir",
   "chksum_type": null,
   "chksum_sha256": null,
   "format": 1
  },
  {
   "name": "tests/integration/targets/settings/tasks/main.yml",
   "ftype": "file",
   "chksum_type": "sha256",
   "chksum_sha256": "1d02d2e1a163b170fa15d54b37ec7da22509d45f4cc194583ec1a1c5d5682b16",
   "format": 1
  },
  {
   "name": "tests/integration/targets/team",
   "ftype": "dir",
   "chksum_type": null,
   "chksum_sha256": null,
   "format": 1
  },
  {
   "name": "tests/integration/targets/team/tasks",
   "ftype": "dir",
   "chksum_type": null,
   "chksum_sha256": null,
   "format": 1
  },
  {
   "name": "tests/integration/targets/team/tasks/main.yml",
   "ftype": "file",
   "chksum_type": "sha256",
   "chksum_sha256": "ea5b32cc64a4b1553bc5b254b09ef61187911e6364bb7a4d3c3159233182bdc7",
   "format": 1
  },
  {
   "name": "tests/integration/targets/token",
   "ftype": "dir",
   "chksum_type": null,
   "chksum_sha256": null,
   "format": 1
  },
  {
   "name": "tests/integration/targets/token/tasks",
   "ftype": "dir",
   "chksum_type": null,
   "chksum_sha256": null,
   "format": 1
  },
  {
   "name": "tests/integration/targets/token/tasks/main.yml",
   "ftype": "file",
   "chksum_type": "sha256",
   "chksum_sha256": "606e16dcd72ab4a0a6c26aedf8830e1de844266e7fa54254c93ed7e307c950d7",
   "format": 1
  },
  {
   "name": "tests/integration/targets/user",
   "ftype": "dir",
   "chksum_type": null,
   "chksum_sha256": null,
   "format": 1
  },
  {
   "name": "tests/integration/targets/user/tasks",
   "ftype": "dir",
   "chksum_type": null,
   "chksum_sha256": null,
   "format": 1
  },
  {
   "name": "tests/integration/targets/user/tasks/main.yml",
   "ftype": "file",
   "chksum_type": "sha256",
   "chksum_sha256": "88f742f66ccac2fed93222a997e02129c43e9dd863ce8b9a2fd8e07dd6973916",
   "format": 1
  },
  {
   "name": "tests/integration/targets/workflow_job_template",
   "ftype": "dir",
   "chksum_type": null,
   "chksum_sha256": null,
   "format": 1
  },
  {
   "name": "tests/integration/targets/workflow_job_template/tasks",
   "ftype": "dir",
   "chksum_type": null,
   "chksum_sha256": null,
   "format": 1
  },
  {
   "name": "tests/integration/targets/workflow_job_template/tasks/main.yml",
   "ftype": "file",
   "chksum_type": "sha256",
   "chksum_sha256": "3de7be1279480a80cd5dd7f2f009108d66d303b95e7f0583670fce5ca06d811f",
   "format": 1
  },
  {
   "name": "tests/integration/targets/workflow_launch",
   "ftype": "dir",
   "chksum_type": null,
   "chksum_sha256": null,
   "format": 1
  },
  {
   "name": "tests/integration/targets/workflow_launch/tasks",
   "ftype": "dir",
   "chksum_type": null,
   "chksum_sha256": null,
   "format": 1
  },
  {
   "name": "tests/integration/targets/workflow_launch/tasks/main.yml",
   "ftype": "file",
   "chksum_type": "sha256",
   "chksum_sha256": "2f0511fc5ad221899c937c914811246f436abe286ed3ae3e0319c92cd927e4cb",
   "format": 1
  },
  {
   "name": "tools",
   "ftype": "dir",
   "chksum_type": null,
   "chksum_sha256": null,
   "format": 1
  },
  {
   "name": "tools/generate.yml",
   "ftype": "file",
   "chksum_type": "sha256",
   "chksum_sha256": "aa0d7cefef5234cf5e143c769fa537c4142d411e815dd2b2599891f137ac2347",
   "format": 1
  },
  {
   "name": "tools/roles",
   "ftype": "dir",
   "chksum_type": null,
   "chksum_sha256": null,
   "format": 1
  },
  {
   "name": "tools/roles/generate",
   "ftype": "dir",
   "chksum_type": null,
   "chksum_sha256": null,
   "format": 1
  },
  {
   "name": "tools/roles/generate/tasks",
   "ftype": "dir",
   "chksum_type": null,
   "chksum_sha256": null,
   "format": 1
  },
  {
   "name": "tools/roles/generate/tasks/main.yml",
   "ftype": "file",
   "chksum_type": "sha256",
   "chksum_sha256": "3aecc6ba819a7b18e755f80207316a9960c8a8e8ce4eeab7fee798ba91a989fb",
   "format": 1
  },
  {
   "name": "tools/roles/generate/templates",
   "ftype": "dir",
   "chksum_type": null,
   "chksum_sha256": null,
   "format": 1
  },
  {
   "name": "tools/roles/generate/templates/module.j2",
   "ftype": "file",
   "chksum_type": "sha256",
   "chksum_sha256": "5062520633ed50337c76f12723f492939da564964c16c32e31b5bd07b51bf70d",
   "format": 1
  },
  {
   "name": "tools/roles/template_galaxy",
   "ftype": "dir",
   "chksum_type": null,
   "chksum_sha256": null,
   "format": 1
  },
  {
   "name": "tools/roles/template_galaxy/tasks",
   "ftype": "dir",
   "chksum_type": null,
   "chksum_sha256": null,
   "format": 1
  },
  {
   "name": "tools/roles/template_galaxy/tasks/main.yml",
   "ftype": "file",
   "chksum_type": "sha256",
   "chksum_sha256": "4fe8ccbfff82b8545325343a74f0fb48c7add4430c0e4ff1b192cb8778fc99b3",
   "format": 1
  },
  {
   "name": "tools/roles/template_galaxy/templates",
   "ftype": "dir",
   "chksum_type": null,
   "chksum_sha256": null,
   "format": 1
  },
  {
   "name": "tools/roles/template_galaxy/templates/README.md.j2",
   "ftype": "file",
   "chksum_type": "sha256",
   "chksum_sha256": "2cfdcc1ba4355f0bc942d91bfbca348e323834987c49866f7437238737ef7ba8",
   "format": 1
  },
  {
   "name": "tools/roles/template_galaxy/templates/galaxy.yml.j2",
   "ftype": "file",
   "chksum_type": "sha256",
   "chksum_sha256": "08bff81bb3e43039759b9187770929d8064dde9f27883c0eb39ae9ae9393318a",
   "format": 1
  },
  {
   "name": "tools/template_galaxy.yml",
   "ftype": "file",
   "chksum_type": "sha256",
   "chksum_sha256": "87328b1102cb42e5c49a439e725eef477d8013fe6a61889b3251be061c9749de",
   "format": 1
  },
  {
   "name": "tools/vars",
   "ftype": "dir",
   "chksum_type": null,
   "chksum_sha256": null,
   "format": 1
  },
  {
   "name": "tools/vars/aliases.yml",
   "ftype": "file",
   "chksum_type": "sha256",
   "chksum_sha256": "1b7881b3f397d274bf8758f1df94b82f95dcf2438ae0288c5e59e0a92da0c47a",
   "format": 1
  },
  {
   "name": "tools/vars/associations.yml",
   "ftype": "file",
   "chksum_type": "sha256",
   "chksum_sha256": "ee9579815e841dba19a6054f9c3c7e855e8b43a0205d540b283d71194594e07f",
   "format": 1
  },
  {
   "name": "tools/vars/examples.yml",
   "ftype": "file",
   "chksum_type": "sha256",
   "chksum_sha256": "defb4bf2610f4c7daa1d7c607d450817da73a4327cb636ec0a0daa9de0c9e569",
   "format": 1
  },
  {
   "name": "tools/vars/generate_for.yml",
   "ftype": "file",
   "chksum_type": "sha256",
   "chksum_sha256": "2af0e6f768d2c9d05a62eb01b6dc125d1c7d3a7de7f8a7267dfc5bcd307f0773",
   "format": 1
  },
  {
   "name": "tools/vars/resolution.yml",
   "ftype": "file",
   "chksum_type": "sha256",
   "chksum_sha256": "3d41044860137770497ca5a99b51b3a057874c9e10233a5b8e40f495665e973b",
   "format": 1
  }
 ],
 "format": 1
}