{
 "files": [
  {
   "format": 1, 
   "ftype": "dir", 
   "chksum_sha256": null, 
   "name": ".", 
   "chksum_type": null
  }, 
  {
   "ftype": "file", 
   "chksum_sha256": "7c50cd9b85e2b7eebaea2b5618b402862b01d5a66befff8e41401ef3f14e471a", 
   "name": "COPYING", 
   "chksum_type": "sha256", 
   "format": 1
  }, 
  {
   "ftype": "file", 
   "chksum_sha256": "37fa0e0208058149f4fabb936d7330fb4b0999aa74446680ecaa07712f08bf70", 
   "name": "README.md", 
   "chksum_type": "sha256", 
   "format": 1
  }, 
  {
   "ftype": "file", 
   "chksum_sha256": "8cafebb5981b7268d8210d204f4211f7b49287d0f60519236c57e3406d7cbb97", 
   "name": "TESTING.md", 
   "chksum_type": "sha256", 
   "format": 1
  }, 
  {
   "ftype": "dir", 
   "chksum_sha256": null, 
   "name": "images", 
   "chksum_type": null, 
   "format": 1
  }, 
  {
   "ftype": "file", 
   "chksum_sha256": "6367684c4b5edd3e1e8fdcb9270d68ca54040d5d17108734f3d3a2b9df5878ba", 
   "name": "images/completeness_test_output.png", 
   "chksum_type": "sha256", 
   "format": 1
  }, 
  {
   "ftype": "dir", 
   "chksum_sha256": null, 
   "name": "meta", 
   "chksum_type": null, 
   "format": 1
  }, 
  {
   "ftype": "file", 
   "chksum_sha256": "e4f289474cccf777e14ed3082b831b574d1b02af86b4779f1c317979e17a5c79", 
   "name": "meta/runtime.yml", 
   "chksum_type": "sha256", 
   "format": 1
  }, 
  {
   "ftype": "dir", 
   "chksum_sha256": null, 
   "name": "plugins", 
   "chksum_type": null, 
   "format": 1
  }, 
  {
   "ftype": "dir", 
   "chksum_sha256": null, 
   "name": "plugins/doc_fragments", 
   "chksum_type": null, 
   "format": 1
  }, 
  {
   "ftype": "file", 
   "chksum_sha256": "aaaf77e111937fb586f689d18b41f8c5a3d656390645d7617e798e031d31b0e6", 
   "name": "plugins/doc_fragments/auth.py", 
   "chksum_type": "sha256", 
   "format": 1
  }, 
  {
   "ftype": "file", 
   "chksum_sha256": "740c0c506c28ee8693546638aca964ccc3ed332446a5574a8a213716d6acebcb", 
   "name": "plugins/doc_fragments/auth_legacy.py", 
   "chksum_type": "sha256", 
   "format": 1
  }, 
  {
   "ftype": "file", 
   "chksum_sha256": "526100f565401e2811e049e966d0c9afcc0102c9b0b8c62ba39cded962bc5222", 
   "name": "plugins/doc_fragments/auth_plugin.py", 
   "chksum_type": "sha256", 
   "format": 1
  }, 
  {
   "ftype": "dir", 
   "chksum_sha256": null, 
   "name": "plugins/inventory", 
   "chksum_type": null, 
   "format": 1
  }, 
  {
   "ftype": "file", 
   "chksum_sha256": "da41c5774dfa76f6141b43ec77f23ae78ba2ef71d18c77f7eee0f5a44f546715", 
   "name": "plugins/inventory/tower.py", 
   "chksum_type": "sha256", 
   "format": 1
  }, 
  {
   "ftype": "dir", 
   "chksum_sha256": null, 
   "name": "plugins/lookup", 
   "chksum_type": null, 
   "format": 1
  }, 
  {
   "ftype": "file", 
   "chksum_sha256": "74d1683d95b2b63e3d2b4837b8fc1b69d3474c55690c0e5800371c0192e22531", 
   "name": "plugins/lookup/tower_api.py", 
   "chksum_type": "sha256", 
   "format": 1
  }, 
  {
   "ftype": "file", 
   "chksum_sha256": "9b23ead83ef4a9e98c0c47b4491dbec8677902ef39452f184cc695e6d71886f1", 
   "name": "plugins/lookup/tower_schedule_rrule.py", 
   "chksum_type": "sha256", 
   "format": 1
  }, 
  {
   "ftype": "dir", 
   "chksum_sha256": null, 
   "name": "plugins/module_utils", 
   "chksum_type": null, 
   "format": 1
  }, 
  {
   "ftype": "file", 
   "chksum_sha256": "8cde51dbdfcfc82e37bd2a1dae04ab9b7e05bac63a87baacd1938a93be66f130", 
   "name": "plugins/module_utils/tower_api.py", 
   "chksum_type": "sha256", 
   "format": 1
  }, 
  {
   "ftype": "file", 
   "chksum_sha256": "f4730b45bf97382c9a1c82e1017e3992bd4d26a27bd3649a9e179f62b2e572c1", 
   "name": "plugins/module_utils/tower_awxkit.py", 
   "chksum_type": "sha256", 
   "format": 1
  }, 
  {
   "ftype": "file", 
   "chksum_sha256": "162ff0173de655277cc6eeb02ae0481fcab98a5da1705d6d2963b822be44f0fd", 
   "name": "plugins/module_utils/tower_legacy.py", 
   "chksum_type": "sha256", 
   "format": 1
  }, 
  {
   "ftype": "file", 
   "chksum_sha256": "c45f8a296d6051738ad9c82860fa36dba10925df1ba9a571e0e9f4cefd13f44d", 
   "name": "plugins/module_utils/tower_module.py", 
   "chksum_type": "sha256", 
   "format": 1
  }, 
  {
   "ftype": "dir", 
   "chksum_sha256": null, 
   "name": "plugins/modules", 
   "chksum_type": null, 
   "format": 1
  }, 
  {
   "ftype": "file", 
   "chksum_sha256": "e3b0c44298fc1c149afbf4c8996fb92427ae41e4649b934ca495991b7852b855", 
   "name": "plugins/modules/__init__.py", 
   "chksum_type": "sha256", 
   "format": 1
  }, 
  {
   "ftype": "file", 
   "chksum_sha256": "9c18bfc301ede8950c49279211a4bd743b69764f120ef57878b80845b73702ed", 
   "name": "plugins/modules/tower_ad_hoc_command_cancel.py", 
   "chksum_type": "sha256", 
   "format": 1
  }, 
  {
   "ftype": "file", 
   "chksum_sha256": "dc1e0c594ab70b84ce0c62c5e463072195aac985b585f74a0b4f4405ee2d6677", 
   "name": "plugins/modules/tower_ad_hoc_command_wait.py", 
   "chksum_type": "sha256", 
   "format": 1
  }, 
  {
   "ftype": "file", 
   "chksum_sha256": "73d44f4a2e68fbc3443bc1b9a46494e6ac0cef36eaa4df337f314aabf72245ca", 
   "name": "plugins/modules/tower_application.py", 
   "chksum_type": "sha256", 
   "format": 1
  }, 
  {
   "ftype": "file", 
   "chksum_sha256": "0800654abe9995709ee82921634f52bfce5a51472bfbe6a428555ec6aa8fa2a8", 
   "name": "plugins/modules/tower_credential.py", 
   "chksum_type": "sha256", 
   "format": 1
  }, 
  {
   "ftype": "file", 
   "chksum_sha256": "c1b5baf169fe413eff47c2526d21864bcf18fb2a325f92538cb2169ef3ad5650", 
   "name": "plugins/modules/tower_credential_type.py", 
   "chksum_type": "sha256", 
   "format": 1
  }, 
  {
   "ftype": "file", 
   "chksum_sha256": "574687bb1fcb3507c2b36884e1fb20a7fd471f03af30693bfa5a4285d487643c", 
   "name": "plugins/modules/tower_group.py", 
   "chksum_type": "sha256", 
   "format": 1
  }, 
  {
   "ftype": "file", 
   "chksum_sha256": "27875927b06458f70bcbaa151e0297461177545c8c31e242910739e8a500ffe9", 
   "name": "plugins/modules/tower_host.py", 
   "chksum_type": "sha256", 
   "format": 1
  }, 
  {
   "ftype": "file", 
   "chksum_sha256": "46d3413a49abd92d60ed9a97d65a05d6ad9895d0ea8526162c90bcaa95d2e067", 
   "name": "plugins/modules/tower_import.py", 
   "chksum_type": "sha256", 
   "format": 1
  }, 
  {
   "ftype": "file", 
   "chksum_sha256": "2cc9d842fa30c9092de4e7e4e10680972507573b8548b2284c1fef1861b96d97", 
   "name": "plugins/modules/tower_inventory.py", 
   "chksum_type": "sha256", 
   "format": 1
  }, 
  {
   "ftype": "file", 
   "chksum_sha256": "84d1edbd26f851341c109a99b9bd026778213cd72842d0b3f198f4e10c23a8e3", 
   "name": "plugins/modules/tower_inventory_source_update.py", 
   "chksum_type": "sha256", 
   "format": 1
  }, 
  {
   "ftype": "file", 
   "chksum_sha256": "9b333d5dda7aa132e3c487ea79208094859972055c7e6ce6c643f8ddc595cd16", 
   "name": "plugins/modules/tower_job_cancel.py", 
   "chksum_type": "sha256", 
   "format": 1
  }, 
  {
   "ftype": "file", 
   "chksum_sha256": "2afc1b226b9a3a6fcb58e25b539518dc16a658c235235464457a104832ba8618", 
   "name": "plugins/modules/tower_job_list.py", 
   "chksum_type": "sha256", 
   "format": 1
  }, 
  {
   "ftype": "file", 
   "chksum_sha256": "7d25d011f85e9d05a89e46fdbc5f5cc189e73da6f79dc497ab3444c447d635a3", 
   "name": "plugins/modules/tower_job_wait.py", 
   "chksum_type": "sha256", 
   "format": 1
  }, 
  {
   "ftype": "file", 
   "chksum_sha256": "22bf2e8cfbabc254613c311537c5509e6789352c36fd537e6eed0bf69f5073ec", 
   "name": "plugins/modules/tower_label.py", 
   "chksum_type": "sha256", 
   "format": 1
  }, 
  {
   "ftype": "file", 
   "chksum_sha256": "7aeb800e420717eb9a8f21deee3a5f42a149aff744491c8a3352e5a528c80706", 
   "name": "plugins/modules/tower_license.py", 
   "chksum_type": "sha256", 
   "format": 1
  }, 
  {
   "ftype": "file", 
   "chksum_sha256": "da33b9b93cc056cee3d6e4fead16278745a8c968bc707aff7ee2fbf4b89ab075", 
   "name": "plugins/modules/tower_meta.py", 
   "chksum_type": "sha256", 
   "format": 1
  }, 
  {
   "ftype": "file", 
   "chksum_sha256": "f4f764f9934705b8165465c0ddba1f115b18ed4a75d2ffbd9d248b043a23aaea", 
   "name": "plugins/modules/tower_notification_template.py", 
   "chksum_type": "sha256", 
   "format": 1
  }, 
  {
   "ftype": "file", 
   "chksum_sha256": "8468afc15da7465cbf3c72d87e6e1aedbf4268b9bcade28facea7272f0623965", 
   "name": "plugins/modules/tower_receive.py", 
   "chksum_type": "sha256", 
   "format": 1
  }, 
  {
   "ftype": "file", 
   "chksum_sha256": "ac3962c45364a094175ad9a0871e7b2bddea7b5f868f991b4de9b45e6b2512ae", 
   "name": "plugins/modules/tower_role.py", 
   "chksum_type": "sha256", 
   "format": 1
  }, 
  {
   "ftype": "file", 
   "chksum_sha256": "a1aa7e7f608c5305494b31c072fe9e36209da5512b04f4cca2ed3225b634612c", 
   "name": "plugins/modules/tower_schedule.py", 
   "chksum_type": "sha256", 
   "format": 1
  }, 
  {
   "ftype": "file", 
   "chksum_sha256": "14b7227afaadcc2d89bdeed1bc82790bda08eb50ea8084f47088542d965d239d", 
   "name": "plugins/modules/tower_send.py", 
   "chksum_type": "sha256", 
   "format": 1
  }, 
  {
   "ftype": "file", 
   "chksum_sha256": "2a2ddbebaccb82de4aae6326ff654381b654dbb7d3dad2c4b0c98d3cae642954", 
   "name": "plugins/modules/tower_team.py", 
   "chksum_type": "sha256", 
   "format": 1
  }, 
  {
   "ftype": "file", 
   "chksum_sha256": "232ae8b52e33d38e72327d78892dca561a8c68d7660377f2593b615b51f20f52", 
   "name": "plugins/modules/tower_token.py", 
   "chksum_type": "sha256", 
   "format": 1
  }, 
  {
   "ftype": "file", 
   "chksum_sha256": "80568415bf0357377be141122750610e11ca099ee25342bd3790c87b7bf98931", 
   "name": "plugins/modules/tower_user.py", 
   "chksum_type": "sha256", 
   "format": 1
  }, 
  {
   "ftype": "file", 
   "chksum_sha256": "1e2487eaed313c0ffc142ebb7c95c22d49a28e10f4733bb711febb26467c0efd", 
   "name": "plugins/modules/tower_workflow_job_template_node.py", 
   "chksum_type": "sha256", 
   "format": 1
  }, 
  {
   "ftype": "file", 
   "chksum_sha256": "502923a998cfc50d5389279c078ff3a03d55463d095aa2588c2aa481d3fcd7eb", 
   "name": "plugins/modules/tower_workflow_template.py", 
   "chksum_type": "sha256", 
   "format": 1
  }, 
  {
   "ftype": "file", 
   "chksum_sha256": "0913bf09877874df12dc9f959968e60fbf9376d8c5a6a807af06c97a0826c2ff", 
   "name": "plugins/modules/tower_ad_hoc_command.py", 
   "chksum_type": "sha256", 
   "format": 1
  }, 
  {
   "ftype": "file", 
   "chksum_sha256": "3d198d9ed6a981137e40f6fd8f88fe7f51e666e59588ed7b2eeda8302c92d7a3", 
   "name": "plugins/modules/tower_credential_input_source.py", 
   "chksum_type": "sha256", 
   "format": 1
  }, 
  {
   "ftype": "file", 
   "chksum_sha256": "37aba40c587efe92c09c3b60b72a2f69bc2e2e0548c4aeeca7820b573eef10a0", 
   "name": "plugins/modules/tower_export.py", 
   "chksum_type": "sha256", 
   "format": 1
  }, 
  {
   "ftype": "file", 
   "chksum_sha256": "13c34bef094cf239a419de68a6ebfd19baf6e3303bd242042c66685389969706", 
   "name": "plugins/modules/tower_instance_group.py", 
   "chksum_type": "sha256", 
   "format": 1
  }, 
  {
   "ftype": "file", 
   "chksum_sha256": "4d743ee3d91110d9ab28b8ad3763ae31a303918212ca8ac0249c42d9793e7128", 
   "name": "plugins/modules/tower_inventory_source.py", 
   "chksum_type": "sha256", 
   "format": 1
  }, 
  {
   "ftype": "file", 
   "chksum_sha256": "f976926e4c7f0c48376a789cc52d50ef157ad365eb5c35b58536fb25f038dcd6", 
   "name": "plugins/modules/tower_job_launch.py", 
   "chksum_type": "sha256", 
   "format": 1
  }, 
  {
   "ftype": "file", 
   "chksum_sha256": "8f8a09613d08df05583224c4a99b1c4d2ae057017930cea9c146e4820948bad0", 
   "name": "plugins/modules/tower_job_template.py", 
   "chksum_type": "sha256", 
   "format": 1
  }, 
  {
   "ftype": "file", 
   "chksum_sha256": "20d5859f847228c8303015b98648a493d95f2f0c7d0ce174e70eae996a82716f", 
   "name": "plugins/modules/tower_organization.py", 
   "chksum_type": "sha256", 
   "format": 1
  }, 
  {
   "ftype": "file", 
   "chksum_sha256": "0a8babba1b9ddb60dcaf82c6a2be2bb709e342fd3362973ceda1d1f477c3267f", 
   "name": "plugins/modules/tower_project.py", 
   "chksum_type": "sha256", 
   "format": 1
  }, 
  {
   "ftype": "file", 
   "chksum_sha256": "1bd9a061fd2b579844e0fdf8dd3923172727c62b3e9b7673ea48b8631b1d2330", 
   "name": "plugins/modules/tower_project_update.py", 
   "chksum_type": "sha256", 
   "format": 1
  }, 
  {
   "ftype": "file", 
   "chksum_sha256": "570dc79d3ce4ba6b60cfd8d6b9edaf3ebfc905701cebe628a018dc64433e4aba", 
   "name": "plugins/modules/tower_settings.py", 
   "chksum_type": "sha256", 
   "format": 1
  }, 
  {
   "ftype": "file", 
   "chksum_sha256": "48a44a179867b605348d4b9e8d3d56a3cf421507c91d2d8ba51cf2cc427afa55", 
   "name": "plugins/modules/tower_workflow_job_template.py", 
   "chksum_type": "sha256", 
   "format": 1
  }, 
  {
   "ftype": "file", 
   "chksum_sha256": "f137759d3810f9b120c6c1df71a615c3f95d231a60013691b3c6263b2c13f8d8", 
   "name": "plugins/modules/tower_workflow_launch.py", 
   "chksum_type": "sha256", 
   "format": 1
  }, 
  {
   "ftype": "file", 
   "chksum_sha256": "b4e0a72acdb5b80917bc3af3e9872869d11265e98a6867f0a46664305008bd7d", 
   "name": "requirements.txt", 
   "chksum_type": "sha256", 
   "format": 1
  }, 
  {
   "ftype": "file", 
   "chksum_sha256": "05955e13ceb24a7db106aff7d1242bc4ed62f832b13e183731f1fddc0dbf6449", 
   "name": "setup.cfg", 
   "chksum_type": "sha256", 
   "format": 1
  }, 
  {
   "ftype": "dir", 
   "chksum_sha256": null, 
   "name": "test", 
   "chksum_type": null, 
   "format": 1
  }, 
  {
   "ftype": "dir", 
   "chksum_sha256": null, 
   "name": "test/awx", 
   "chksum_type": null, 
   "format": 1
  }, 
  {
   "ftype": "file", 
   "chksum_sha256": "54fd1377bbc1df8165fa82f0409f55dbfabae0fb61a7242d137e9d216bcbc04d", 
   "name": "test/awx/conftest.py", 
   "chksum_type": "sha256", 
   "format": 1
  }, 
  {
   "ftype": "file", 
   "chksum_sha256": "9584113b71742785fcc66b17538db79fc5c753d8247b65cb13a30e3ac7304365", 
   "name": "test/awx/test_ad_hoc_wait.py", 
   "chksum_type": "sha256", 
   "format": 1
  }, 
  {
   "ftype": "file", 
   "chksum_sha256": "9f7312676e0dbe29a0c50764b8560ee26ed6a179f78ea84b6e7618884fdc4ebc", 
   "name": "test/awx/test_application.py", 
   "chksum_type": "sha256", 
   "format": 1
  }, 
  {
   "ftype": "file", 
   "chksum_sha256": "0719fe7d6b0fbcdf06092e7accd7a237db7f91716d0fe9c6384be9ef8a6c862f", 
   "name": "test/awx/test_credential.py", 
   "chksum_type": "sha256", 
   "format": 1
  }, 
  {
   "ftype": "file", 
   "chksum_sha256": "10daf364a522b30f225a671bdf818d16b2a3002c1f29055ab87c3522d70b7951", 
   "name": "test/awx/test_credential_input_source.py", 
   "chksum_type": "sha256", 
   "format": 1
  }, 
  {
   "ftype": "file", 
   "chksum_sha256": "6a22345c0ac27828fcdd314ab78f8c2e1c05dd59e5aedeee8ab00a149dffc424", 
   "name": "test/awx/test_credential_type.py", 
   "chksum_type": "sha256", 
   "format": 1
  }, 
  {
   "ftype": "file", 
   "chksum_sha256": "5884ef919d19ace125306e02afd9c3e6a7bc2154430027a8fbc31e69b3f15a1b", 
   "name": "test/awx/test_group.py", 
   "chksum_type": "sha256", 
   "format": 1
  }, 
  {
   "ftype": "file", 
   "chksum_sha256": "b0a44780d36f575d79861da57c8738dfd9cd15af88afe2ef8affdc9f9c0d168c", 
   "name": "test/awx/test_instance_group.py", 
   "chksum_type": "sha256", 
   "format": 1
  }, 
  {
   "ftype": "file", 
   "chksum_sha256": "02befbb326a217f6fbeb5c3c143cbe3004c08662cecf43edf6cf4660b9e178c7", 
   "name": "test/awx/test_inventory.py", 
   "chksum_type": "sha256", 
   "format": 1
  }, 
  {
   "ftype": "file", 
   "chksum_sha256": "92e5a2742224842fbae2314b353a7974cd611d683a304a46b8b67bbb9eb0191d", 
   "name": "test/awx/test_job.py", 
   "chksum_type": "sha256", 
   "format": 1
  }, 
  {
   "ftype": "file", 
   "chksum_sha256": "cf6c2eb53bb9813a67c88d03a9c69fe1418e30ec1b4f65e5b97d91020b92b32d", 
   "name": "test/awx/test_label.py", 
   "chksum_type": "sha256", 
   "format": 1
  }, 
  {
   "ftype": "file", 
   "chksum_sha256": "c52c2371b4277d93adedc808c43c2b8e049e7a8e1bbc45c379d7d012092dcea9", 
   "name": "test/awx/test_module_utils.py", 
   "chksum_type": "sha256", 
   "format": 1
  }, 
  {
   "ftype": "file", 
   "chksum_sha256": "9815c0c98a474118b60ef21a3640111d957e823084686c7a3817351cd625d9fd", 
   "name": "test/awx/test_project.py", 
   "chksum_type": "sha256", 
   "format": 1
  }, 
  {
   "ftype": "file", 
   "chksum_sha256": "2eb61477e6f86f4895be837a1f223a9dbd18f8448f836b581e94f5b2690c8a6e", 
   "name": "test/awx/test_role.py", 
   "chksum_type": "sha256", 
   "format": 1
  }, 
  {
   "ftype": "file", 
   "chksum_sha256": "f6bef79884ffe9db7ae581e9392c6b4bd794760fdfc4a4c23e1290994d1ddf12", 
   "name": "test/awx/test_schedule.py", 
   "chksum_type": "sha256", 
   "format": 1
  }, 
  {
   "ftype": "file", 
   "chksum_sha256": "d8e5dd41ca1221ee30ec5e6468a838e90fe041be7bc4740b9228c3ba3c6b0657", 
   "name": "test/awx/test_send_receive.py", 
   "chksum_type": "sha256", 
   "format": 1
  }, 
  {
   "ftype": "file", 
   "chksum_sha256": "10004dff541cd01f1d9f6c2e5ef89d716cd8775b51f97cb9ed40dc839958c823", 
   "name": "test/awx/test_settings.py", 
   "chksum_type": "sha256", 
   "format": 1
  }, 
  {
   "ftype": "file", 
   "chksum_sha256": "9768fd13b29b7c7f79ff98fa48cd9b765d05cda2f39de9a91810a31534aa5198", 
   "name": "test/awx/test_team.py", 
   "chksum_type": "sha256", 
   "format": 1
  }, 
  {
   "ftype": "file", 
   "chksum_sha256": "8d19762c0c8f84b31cb58c43ef699acd4799d57594a3e23dc067ce6373f89e61", 
   "name": "test/awx/test_token.py", 
   "chksum_type": "sha256", 
   "format": 1
  }, 
  {
   "ftype": "file", 
   "chksum_sha256": "6db745ae6c00720b491ad66c1002bda456a2c5b91b81e64c03dfecadf2e0bdcd", 
   "name": "test/awx/test_user.py", 
   "chksum_type": "sha256", 
   "format": 1
  }, 
  {
   "ftype": "file", 
   "chksum_sha256": "48600d661f7bccb96eec45bb0311c5ae4886ead60777f516ba5a7597ea7d8e80", 
   "name": "test/awx/test_workflow_job_template_node.py", 
   "chksum_type": "sha256", 
   "format": 1
  }, 
  {
   "ftype": "file", 
   "chksum_sha256": "a4c6141d13ee1cff044e7a4b401faa755a20be98cd85e9a2e4d97af00fb408ae", 
   "name": "test/awx/test_workflow_template.py", 
   "chksum_type": "sha256", 
   "format": 1
  }, 
  {
   "ftype": "file", 
   "chksum_sha256": "eeca264b844adbfd32b4d3718c13bab317cd310e67fcea850a50a971b2efcb69", 
   "name": "test/awx/test_completeness.py", 
   "chksum_type": "sha256", 
   "format": 1
  }, 
  {
   "ftype": "file", 
   "chksum_sha256": "bc2c3809ec3461ef402026b14378b0fadf1a1735dfe6ca67ff88ca6d13a5969d", 
   "name": "test/awx/test_inventory_source.py", 
   "chksum_type": "sha256", 
   "format": 1
  }, 
  {
   "ftype": "file", 
   "chksum_sha256": "1089f00f4773cfc8ad33eb9d01657d939dd6aee1a889d980a6d350451a1bf5e3", 
   "name": "test/awx/test_job_template.py", 
   "chksum_type": "sha256", 
   "format": 1
  }, 
  {
   "ftype": "file", 
   "chksum_sha256": "16d9322253825718b638e17f8cdc8638f842e043ee398bf81bfaf362656b6268", 
   "name": "test/awx/test_notification_template.py", 
   "chksum_type": "sha256", 
   "format": 1
  }, 
  {
   "ftype": "file", 
   "chksum_sha256": "8ba6c8395909413b6638583c4f5bc6e927269336e8ef1fb376b3f12be71fee88", 
   "name": "test/awx/test_organization.py", 
   "chksum_type": "sha256", 
   "format": 1
  }, 
  {
   "ftype": "file", 
   "chksum_sha256": "33fd390daf4321c1f1075de9607b02dae31906babed3b1de27079c1ddbadcdc4", 
   "name": "test/awx/test_workflow_job_template.py", 
   "chksum_type": "sha256", 
   "format": 1
  }, 
  {
   "ftype": "dir", 
   "chksum_sha256": null, 
   "name": "tests", 
   "chksum_type": null, 
   "format": 1
  }, 
  {
   "ftype": "dir", 
   "chksum_sha256": null, 
   "name": "tests/integration", 
   "chksum_type": null, 
   "format": 1
  }, 
  {
   "ftype": "dir", 
   "chksum_sha256": null, 
   "name": "tests/integration/targets", 
   "chksum_type": null, 
   "format": 1
  }, 
  {
   "ftype": "dir", 
   "chksum_sha256": null, 
   "name": "tests/integration/targets/demo_data", 
   "chksum_type": null, 
   "format": 1
  }, 
  {
   "ftype": "dir", 
   "chksum_sha256": null, 
   "name": "tests/integration/targets/demo_data/tasks", 
   "chksum_type": null, 
   "format": 1
  }, 
  {
   "ftype": "file", 
   "chksum_sha256": "934c562abf67385545cdfb0083122006afba765292d3e9aa00b108688daab0a5", 
   "name": "tests/integration/targets/demo_data/tasks/main.yml", 
   "chksum_type": "sha256", 
   "format": 1
  }, 
  {
   "ftype": "dir", 
   "chksum_sha256": null, 
   "name": "tests/integration/targets/tower_ad_hoc_command", 
   "chksum_type": null, 
   "format": 1
  }, 
  {
   "ftype": "dir", 
   "chksum_sha256": null, 
   "name": "tests/integration/targets/tower_ad_hoc_command/tasks", 
   "chksum_type": null, 
   "format": 1
  }, 
  {
   "ftype": "file", 
   "chksum_sha256": "73599ad61b717d5a697ada54054285258bdf016cfeefbc7f909eff66ac452a7d", 
   "name": "tests/integration/targets/tower_ad_hoc_command/tasks/main.yml", 
   "chksum_type": "sha256", 
   "format": 1
  }, 
  {
   "ftype": "dir", 
   "chksum_sha256": null, 
   "name": "tests/integration/targets/tower_ad_hoc_command_cancel", 
   "chksum_type": null, 
   "format": 1
  }, 
  {
   "ftype": "dir", 
   "chksum_sha256": null, 
   "name": "tests/integration/targets/tower_ad_hoc_command_cancel/tasks", 
   "chksum_type": null, 
   "format": 1
  }, 
  {
   "ftype": "file", 
   "chksum_sha256": "945a43737fa14758aa563d225058bac904dd5091e8632f6c4c637c547185382a", 
   "name": "tests/integration/targets/tower_ad_hoc_command_cancel/tasks/main.yml", 
   "chksum_type": "sha256", 
   "format": 1
  }, 
  {
   "ftype": "dir", 
   "chksum_sha256": null, 
   "name": "tests/integration/targets/tower_ad_hoc_command_wait", 
   "chksum_type": null, 
   "format": 1
  }, 
  {
   "ftype": "dir", 
   "chksum_sha256": null, 
   "name": "tests/integration/targets/tower_ad_hoc_command_wait/tasks", 
   "chksum_type": null, 
   "format": 1
  }, 
  {
   "ftype": "file", 
   "chksum_sha256": "5114546a4f9ae78ce2111baa6c0210c6d3e8031a823dfbcf9c97f4b50387e9a2", 
   "name": "tests/integration/targets/tower_ad_hoc_command_wait/tasks/main.yml", 
   "chksum_type": "sha256", 
   "format": 1
  }, 
  {
   "ftype": "dir", 
   "chksum_sha256": null, 
   "name": "tests/integration/targets/tower_application", 
   "chksum_type": null, 
   "format": 1
  }, 
  {
   "ftype": "dir", 
   "chksum_sha256": null, 
   "name": "tests/integration/targets/tower_application/tasks", 
   "chksum_type": null, 
   "format": 1
  }, 
  {
   "ftype": "file", 
   "chksum_sha256": "2623776ec9bbf44c50cf092abfe415f0ccb3157be1c0b88f332af0d4df98c68d", 
   "name": "tests/integration/targets/tower_application/tasks/main.yml", 
   "chksum_type": "sha256", 
   "format": 1
  }, 
  {
   "ftype": "dir", 
   "chksum_sha256": null, 
   "name": "tests/integration/targets/tower_credential", 
   "chksum_type": null, 
   "format": 1
  }, 
  {
   "ftype": "dir", 
   "chksum_sha256": null, 
   "name": "tests/integration/targets/tower_credential/tasks", 
   "chksum_type": null, 
   "format": 1
  }, 
  {
   "ftype": "file", 
   "chksum_sha256": "df4ff0b9d88c32ede7470acf32d9764ee6c1978dc4ad0fe98d9d1694f33a6a83", 
   "name": "tests/integration/targets/tower_credential/tasks/main.yml", 
   "chksum_type": "sha256", 
   "format": 1
  }, 
  {
   "ftype": "dir", 
   "chksum_sha256": null, 
   "name": "tests/integration/targets/tower_credential_input_source", 
   "chksum_type": null, 
   "format": 1
  }, 
  {
   "ftype": "dir", 
   "chksum_sha256": null, 
   "name": "tests/integration/targets/tower_credential_input_source/tasks", 
   "chksum_type": null, 
   "format": 1
  }, 
  {
   "ftype": "file", 
   "chksum_sha256": "2cb4bad00a5887f2be0b3744e2172cf93e1cce0d01a5233b7f4e7ddb12cf36f8", 
   "name": "tests/integration/targets/tower_credential_input_source/tasks/main.yml", 
   "chksum_type": "sha256", 
   "format": 1
  }, 
  {
   "ftype": "dir", 
   "chksum_sha256": null, 
   "name": "tests/integration/targets/tower_credential_type", 
   "chksum_type": null, 
   "format": 1
  }, 
  {
   "ftype": "dir", 
   "chksum_sha256": null, 
   "name": "tests/integration/targets/tower_credential_type/tasks", 
   "chksum_type": null, 
   "format": 1
  }, 
  {
   "ftype": "file", 
   "chksum_sha256": "f8d67024c94a74701e3f6f09a5a35273e4e7c87958e2c0aaa91b7711466dbacc", 
   "name": "tests/integration/targets/tower_credential_type/tasks/main.yml", 
   "chksum_type": "sha256", 
   "format": 1
  }, 
  {
   "ftype": "dir", 
   "chksum_sha256": null, 
   "name": "tests/integration/targets/tower_export", 
   "chksum_type": null, 
   "format": 1
  }, 
  {
   "ftype": "file", 
   "chksum_sha256": "52e1315ef042495cdf2b0ce22d8ba47f726dce15b968e301a795be1f69045f20", 
   "name": "tests/integration/targets/tower_export/aliases", 
   "chksum_type": "sha256", 
   "format": 1
  }, 
  {
   "ftype": "dir", 
   "chksum_sha256": null, 
   "name": "tests/integration/targets/tower_export/tasks", 
   "chksum_type": null, 
   "format": 1
  }, 
  {
   "ftype": "file", 
   "chksum_sha256": "2b09e1a9cc24ce4637d72580f0b70525cb4c9b55b9d1b737a5512b4501558b35", 
   "name": "tests/integration/targets/tower_export/tasks/main.yml", 
   "chksum_type": "sha256", 
   "format": 1
  }, 
  {
   "ftype": "dir", 
   "chksum_sha256": null, 
   "name": "tests/integration/targets/tower_group", 
   "chksum_type": null, 
   "format": 1
  }, 
  {
   "ftype": "dir", 
   "chksum_sha256": null, 
   "name": "tests/integration/targets/tower_group/tasks", 
   "chksum_type": null, 
   "format": 1
  }, 
  {
   "ftype": "file", 
   "chksum_sha256": "eb26bb1fe731211d6153e4ba7cf838b8667fb89fb4c0f8131737d514a2be7847", 
   "name": "tests/integration/targets/tower_group/tasks/main.yml", 
   "chksum_type": "sha256", 
   "format": 1
  }, 
  {
   "ftype": "dir", 
   "chksum_sha256": null, 
   "name": "tests/integration/targets/tower_host", 
   "chksum_type": null, 
   "format": 1
  }, 
  {
   "ftype": "dir", 
   "chksum_sha256": null, 
   "name": "tests/integration/targets/tower_host/tasks", 
   "chksum_type": null, 
   "format": 1
  }, 
  {
   "ftype": "file", 
   "chksum_sha256": "66feec6dea3cacb489ec7d0e5a20ef19c1fccac1c7b5671179bfa892ca8bc489", 
   "name": "tests/integration/targets/tower_host/tasks/main.yml", 
   "chksum_type": "sha256", 
   "format": 1
  }, 
  {
   "ftype": "dir", 
   "chksum_sha256": null, 
   "name": "tests/integration/targets/tower_import", 
   "chksum_type": null, 
   "format": 1
  }, 
  {
   "ftype": "file", 
   "chksum_sha256": "52e1315ef042495cdf2b0ce22d8ba47f726dce15b968e301a795be1f69045f20", 
   "name": "tests/integration/targets/tower_import/aliases", 
   "chksum_type": "sha256", 
   "format": 1
  }, 
  {
   "ftype": "dir", 
   "chksum_sha256": null, 
   "name": "tests/integration/targets/tower_import/tasks", 
   "chksum_type": null, 
   "format": 1
  }, 
  {
   "ftype": "file", 
   "chksum_sha256": "f5cc82baf4882de188ff5f1b0a459ab4d17ea3729da4ae0d00fef32842d3322c", 
   "name": "tests/integration/targets/tower_import/tasks/main.yml", 
   "chksum_type": "sha256", 
   "format": 1
  }, 
  {
   "ftype": "dir", 
   "chksum_sha256": null, 
   "name": "tests/integration/targets/tower_instance_group", 
   "chksum_type": null, 
   "format": 1
  }, 
  {
   "ftype": "dir", 
   "chksum_sha256": null, 
   "name": "tests/integration/targets/tower_instance_group/tasks", 
   "chksum_type": null, 
   "format": 1
  }, 
  {
   "ftype": "file", 
   "chksum_sha256": "bc75a470415434abffb32883068533addc8d08c4b967df73144b0c2c5e6075f7", 
   "name": "tests/integration/targets/tower_instance_group/tasks/main.yml", 
   "chksum_type": "sha256", 
   "format": 1
  }, 
  {
   "ftype": "dir", 
   "chksum_sha256": null, 
   "name": "tests/integration/targets/tower_inventory", 
   "chksum_type": null, 
   "format": 1
  }, 
  {
   "ftype": "dir", 
   "chksum_sha256": null, 
   "name": "tests/integration/targets/tower_inventory/tasks", 
   "chksum_type": null, 
   "format": 1
  }, 
  {
   "ftype": "file", 
   "chksum_sha256": "90af24a84612f0ae87252e320b239fa5c87909155a2dc21f36786e060168a555", 
   "name": "tests/integration/targets/tower_inventory/tasks/main.yml", 
   "chksum_type": "sha256", 
   "format": 1
  }, 
  {
   "ftype": "dir", 
   "chksum_sha256": null, 
   "name": "tests/integration/targets/tower_inventory_source", 
   "chksum_type": null, 
   "format": 1
  }, 
  {
   "ftype": "dir", 
   "chksum_sha256": null, 
   "name": "tests/integration/targets/tower_inventory_source/tasks", 
   "chksum_type": null, 
   "format": 1
  }, 
  {
   "ftype": "file", 
   "chksum_sha256": "6546acd45b820294815fab8232b14dc9c3e6b86e1f086fdbf45de1d57a5884a9", 
   "name": "tests/integration/targets/tower_inventory_source/tasks/main.yml", 
   "chksum_type": "sha256", 
   "format": 1
  }, 
  {
   "ftype": "dir", 
   "chksum_sha256": null, 
   "name": "tests/integration/targets/tower_inventory_source_update", 
   "chksum_type": null, 
   "format": 1
  }, 
  {
   "ftype": "dir", 
   "chksum_sha256": null, 
   "name": "tests/integration/targets/tower_inventory_source_update/tasks", 
   "chksum_type": null, 
   "format": 1
  }, 
  {
   "ftype": "file", 
   "chksum_sha256": "95b8f411a830224dc11309b53a4c6c1babdea787afaa52342ee807842a1b28b8", 
   "name": "tests/integration/targets/tower_inventory_source_update/tasks/main.yml", 
   "chksum_type": "sha256", 
   "format": 1
  }, 
  {
   "ftype": "dir", 
   "chksum_sha256": null, 
   "name": "tests/integration/targets/tower_job_cancel", 
   "chksum_type": null, 
   "format": 1
  }, 
  {
   "ftype": "dir", 
   "chksum_sha256": null, 
   "name": "tests/integration/targets/tower_job_cancel/tasks", 
   "chksum_type": null, 
   "format": 1
  }, 
  {
   "ftype": "file", 
   "chksum_sha256": "84082b74bb0ae8ddabda3c3e9ff10ecffdd9b7030ae97bab95ae43c39a452a93", 
   "name": "tests/integration/targets/tower_job_cancel/tasks/main.yml", 
   "chksum_type": "sha256", 
   "format": 1
  }, 
  {
   "ftype": "dir", 
   "chksum_sha256": null, 
   "name": "tests/integration/targets/tower_job_launch", 
   "chksum_type": null, 
   "format": 1
  }, 
  {
   "ftype": "dir", 
   "chksum_sha256": null, 
   "name": "tests/integration/targets/tower_job_launch/tasks", 
   "chksum_type": null, 
   "format": 1
  }, 
  {
   "ftype": "file", 
   "chksum_sha256": "3dd005955fa10b2fcf7c5597e7d45767d472f0e123a6e91cb0fb6838638061e8", 
   "name": "tests/integration/targets/tower_job_launch/tasks/main.yml", 
   "chksum_type": "sha256", 
   "format": 1
  }, 
  {
   "ftype": "dir", 
   "chksum_sha256": null, 
   "name": "tests/integration/targets/tower_job_list", 
   "chksum_type": null, 
   "format": 1
  }, 
  {
   "ftype": "dir", 
   "chksum_sha256": null, 
   "name": "tests/integration/targets/tower_job_list/tasks", 
   "chksum_type": null, 
   "format": 1
  }, 
  {
   "ftype": "file", 
   "chksum_sha256": "b6ed99f7f196254e088a7c431027f44b550ec8cf4bb0aad6db5ccb80cc0ebeeb", 
   "name": "tests/integration/targets/tower_job_list/tasks/main.yml", 
   "chksum_type": "sha256", 
   "format": 1
  }, 
  {
   "ftype": "dir", 
   "chksum_sha256": null, 
   "name": "tests/integration/targets/tower_job_template", 
   "chksum_type": null, 
   "format": 1
  }, 
  {
   "ftype": "dir", 
   "chksum_sha256": null, 
   "name": "tests/integration/targets/tower_job_template/tasks", 
   "chksum_type": null, 
   "format": 1
  }, 
  {
   "ftype": "file", 
   "chksum_sha256": "ba222b17d22036724316dca77c0a5e6a3eb34695387fe7fb0c0617ff26fc3c13", 
   "name": "tests/integration/targets/tower_job_template/tasks/main.yml", 
   "chksum_type": "sha256", 
   "format": 1
  }, 
  {
   "ftype": "dir", 
   "chksum_sha256": null, 
   "name": "tests/integration/targets/tower_job_wait", 
   "chksum_type": null, 
   "format": 1
  }, 
  {
   "ftype": "dir", 
   "chksum_sha256": null, 
   "name": "tests/integration/targets/tower_job_wait/tasks", 
   "chksum_type": null, 
   "format": 1
  }, 
  {
   "ftype": "file", 
   "chksum_sha256": "a80552e5af85b636e904f2f80a53bb22bd1da90b1261e1de94d45343e943307d", 
   "name": "tests/integration/targets/tower_job_wait/tasks/main.yml", 
   "chksum_type": "sha256", 
   "format": 1
  }, 
  {
   "ftype": "dir", 
   "chksum_sha256": null, 
   "name": "tests/integration/targets/tower_label", 
   "chksum_type": null, 
   "format": 1
  }, 
  {
   "ftype": "dir", 
   "chksum_sha256": null, 
   "name": "tests/integration/targets/tower_label/tasks", 
   "chksum_type": null, 
   "format": 1
  }, 
  {
   "ftype": "file", 
   "chksum_sha256": "6361e367d0e92b76707249babb0d2dc7f9e19b3600ea9f0c4db2608843b9e94f", 
   "name": "tests/integration/targets/tower_label/tasks/main.yml", 
   "chksum_type": "sha256", 
   "format": 1
  }, 
  {
   "ftype": "dir", 
   "chksum_sha256": null, 
   "name": "tests/integration/targets/tower_lookup_api_plugin", 
   "chksum_type": null, 
   "format": 1
  }, 
  {
   "ftype": "dir", 
   "chksum_sha256": null, 
   "name": "tests/integration/targets/tower_lookup_api_plugin/tasks", 
   "chksum_type": null, 
   "format": 1
  }, 
  {
   "ftype": "file", 
   "chksum_sha256": "5c3b3c3f6924aea3dcd17d62814f5470a35c6d12084dd84e02fcb761bf28940f", 
   "name": "tests/integration/targets/tower_lookup_api_plugin/tasks/main.yml", 
   "chksum_type": "sha256", 
   "format": 1
  }, 
  {
   "ftype": "dir", 
   "chksum_sha256": null, 
   "name": "tests/integration/targets/tower_notification_template", 
   "chksum_type": null, 
   "format": 1
  }, 
  {
   "ftype": "dir", 
   "chksum_sha256": null, 
   "name": "tests/integration/targets/tower_notification_template/tasks", 
   "chksum_type": null, 
   "format": 1
  }, 
  {
   "ftype": "file", 
   "chksum_sha256": "205f5157b568d480786002f3708a0c9ee90c81a395206152e662a7e371b9e7d7", 
   "name": "tests/integration/targets/tower_notification_template/tasks/main.yml", 
   "chksum_type": "sha256", 
   "format": 1
  }, 
  {
   "ftype": "dir", 
   "chksum_sha256": null, 
   "name": "tests/integration/targets/tower_organization", 
   "chksum_type": null, 
   "format": 1
  }, 
  {
   "ftype": "dir", 
   "chksum_sha256": null, 
   "name": "tests/integration/targets/tower_organization/tasks", 
   "chksum_type": null, 
   "format": 1
  }, 
  {
   "ftype": "file", 
   "chksum_sha256": "b88bdc638eb7604c0b6ccfd2925d4b2a1125a22475c4cf850a9323d4da8d7b95", 
   "name": "tests/integration/targets/tower_organization/tasks/main.yml", 
   "chksum_type": "sha256", 
   "format": 1
  }, 
  {
   "ftype": "dir", 
   "chksum_sha256": null, 
   "name": "tests/integration/targets/tower_project", 
   "chksum_type": null, 
   "format": 1
  }, 
  {
   "ftype": "dir", 
   "chksum_sha256": null, 
   "name": "tests/integration/targets/tower_project/tasks", 
   "chksum_type": null, 
   "format": 1
  }, 
  {
   "ftype": "file", 
   "chksum_sha256": "61836b8f03a0470bf8cb9d1652cbe005ba291b6cbc84c961c2440690b603531a", 
   "name": "tests/integration/targets/tower_project/tasks/main.yml", 
   "chksum_type": "sha256", 
   "format": 1
  }, 
  {
   "ftype": "dir", 
   "chksum_sha256": null, 
   "name": "tests/integration/targets/tower_project_manual", 
   "chksum_type": null, 
   "format": 1
  }, 
  {
   "ftype": "dir", 
   "chksum_sha256": null, 
   "name": "tests/integration/targets/tower_project_manual/tasks", 
   "chksum_type": null, 
   "format": 1
  }, 
  {
   "ftype": "file", 
   "chksum_sha256": "218e9fc99f54cb65146cc5c41139165111060e8b721f5567a86409ea2bdcfb51", 
   "name": "tests/integration/targets/tower_project_manual/tasks/create_project_dir.yml", 
   "chksum_type": "sha256", 
   "format": 1
  }, 
  {
   "ftype": "file", 
   "chksum_sha256": "190a73a479cd59e17357aa09bc5ca4988c615533d5113560f06d61b64229ae91", 
   "name": "tests/integration/targets/tower_project_manual/tasks/main.yml", 
   "chksum_type": "sha256", 
   "format": 1
  }, 
  {
   "ftype": "dir", 
   "chksum_sha256": null, 
   "name": "tests/integration/targets/tower_project_update", 
   "chksum_type": null, 
   "format": 1
  }, 
  {
   "ftype": "dir", 
   "chksum_sha256": null, 
   "name": "tests/integration/targets/tower_project_update/tasks", 
   "chksum_type": null, 
   "format": 1
  }, 
  {
   "ftype": "file", 
   "chksum_sha256": "2316d53a9cfc1d19e41963e9d46724282a14fc6a7d2b375ad08e5e83ee270866", 
   "name": "tests/integration/targets/tower_project_update/tasks/main.yml", 
   "chksum_type": "sha256", 
   "format": 1
  }, 
  {
   "ftype": "dir", 
   "chksum_sha256": null, 
   "name": "tests/integration/targets/tower_role", 
   "chksum_type": null, 
   "format": 1
  }, 
  {
   "ftype": "dir", 
   "chksum_sha256": null, 
   "name": "tests/integration/targets/tower_role/tasks", 
   "chksum_type": null, 
   "format": 1
  }, 
  {
   "ftype": "file", 
   "chksum_sha256": "a62b23a6c93efcb40e6a8f47ffbc44b2c913a273156e3ed0b7cef0939ebd9184", 
   "name": "tests/integration/targets/tower_role/tasks/main.yml", 
   "chksum_type": "sha256", 
   "format": 1
  }, 
  {
   "ftype": "dir", 
   "chksum_sha256": null, 
   "name": "tests/integration/targets/tower_schedule", 
   "chksum_type": null, 
   "format": 1
  }, 
  {
   "ftype": "dir", 
   "chksum_sha256": null, 
   "name": "tests/integration/targets/tower_schedule/tasks", 
   "chksum_type": null, 
   "format": 1
  }, 
  {
   "ftype": "file", 
   "chksum_sha256": "ad0ede2f4a20b061bb8ef3c99fb383fa32113fb4fb363747408393f5ac684bcf", 
   "name": "tests/integration/targets/tower_schedule/tasks/main.yml", 
   "chksum_type": "sha256", 
   "format": 1
  }, 
  {
   "ftype": "dir", 
   "chksum_sha256": null, 
   "name": "tests/integration/targets/tower_schedule_rrule", 
   "chksum_type": null, 
   "format": 1
  }, 
  {
   "ftype": "dir", 
   "chksum_sha256": null, 
   "name": "tests/integration/targets/tower_schedule_rrule/tasks", 
   "chksum_type": null, 
   "format": 1
  }, 
  {
   "ftype": "file", 
   "chksum_sha256": "cc0e845e9168ce30e9587cbe702402873f476643fbe5cde3c6fafadcd14a7cf3", 
   "name": "tests/integration/targets/tower_schedule_rrule/tasks/main.yml", 
   "chksum_type": "sha256", 
   "format": 1
  }, 
  {
   "ftype": "dir", 
   "chksum_sha256": null, 
   "name": "tests/integration/targets/tower_settings", 
   "chksum_type": null, 
   "format": 1
  }, 
  {
   "ftype": "dir", 
   "chksum_sha256": null, 
   "name": "tests/integration/targets/tower_settings/tasks", 
   "chksum_type": null, 
   "format": 1
  }, 
  {
   "ftype": "file", 
   "chksum_sha256": "8cb8aa8fd34ad4b10fa2a5b10e9feba359c73e414694746e1920ddd8167dc2d3", 
   "name": "tests/integration/targets/tower_settings/tasks/main.yml", 
   "chksum_type": "sha256", 
   "format": 1
  }, 
  {
   "ftype": "dir", 
   "chksum_sha256": null, 
   "name": "tests/integration/targets/tower_team", 
   "chksum_type": null, 
   "format": 1
  }, 
  {
   "ftype": "dir", 
   "chksum_sha256": null, 
   "name": "tests/integration/targets/tower_team/tasks", 
   "chksum_type": null, 
   "format": 1
  }, 
  {
   "ftype": "file", 
   "chksum_sha256": "8cba78d6ce7796e102a68bda59cd84223123d5b94da8cd0ca4729924e010648c", 
   "name": "tests/integration/targets/tower_team/tasks/main.yml", 
   "chksum_type": "sha256", 
   "format": 1
  }, 
  {
   "ftype": "dir", 
   "chksum_sha256": null, 
   "name": "tests/integration/targets/tower_token", 
   "chksum_type": null, 
   "format": 1
  }, 
  {
   "ftype": "dir", 
   "chksum_sha256": null, 
   "name": "tests/integration/targets/tower_token/tasks", 
   "chksum_type": null, 
   "format": 1
  }, 
  {
   "ftype": "file", 
   "chksum_sha256": "197e2ec188bd2270b417a8806c98cfa477feecb6c6f9663b10c480f2f3ba91f9", 
   "name": "tests/integration/targets/tower_token/tasks/main.yml", 
   "chksum_type": "sha256", 
   "format": 1
  }, 
  {
   "ftype": "dir", 
   "chksum_sha256": null, 
   "name": "tests/integration/targets/tower_user", 
   "chksum_type": null, 
   "format": 1
  }, 
  {
   "ftype": "dir", 
   "chksum_sha256": null, 
   "name": "tests/integration/targets/tower_user/tasks", 
   "chksum_type": null, 
   "format": 1
  }, 
  {
   "ftype": "file", 
   "chksum_sha256": "96fb4f900f172ebfc1e14833220956f1580bf1b5a02a3e8f7aca506a441f516f", 
   "name": "tests/integration/targets/tower_user/tasks/main.yml", 
   "chksum_type": "sha256", 
   "format": 1
  }, 
  {
   "ftype": "dir", 
   "chksum_sha256": null, 
   "name": "tests/integration/targets/tower_workflow_job_template", 
   "chksum_type": null, 
   "format": 1
  }, 
  {
   "ftype": "dir", 
   "chksum_sha256": null, 
   "name": "tests/integration/targets/tower_workflow_job_template/tasks", 
   "chksum_type": null, 
   "format": 1
  }, 
  {
   "ftype": "file", 
   "chksum_sha256": "5e319fb96ee6ea2c1f72eeb921c88ae812842199b82168e59164ce3206cc0100", 
   "name": "tests/integration/targets/tower_workflow_job_template/tasks/main.yml", 
   "chksum_type": "sha256", 
   "format": 1
  }, 
  {
   "ftype": "dir", 
   "chksum_sha256": null, 
   "name": "tests/integration/targets/tower_workflow_launch", 
   "chksum_type": null, 
   "format": 1
  }, 
  {
   "ftype": "dir", 
   "chksum_sha256": null, 
   "name": "tests/integration/targets/tower_workflow_launch/tasks", 
   "chksum_type": null, 
   "format": 1
  }, 
  {
   "ftype": "file", 
   "chksum_sha256": "fa239f922d9c999a39e7805c0917428075e508f2929241546649f61834211201", 
   "name": "tests/integration/targets/tower_workflow_launch/tasks/main.yml", 
   "chksum_type": "sha256", 
   "format": 1
  }, 
  {
   "ftype": "dir", 
   "chksum_sha256": null, 
   "name": "tests/sanity", 
   "chksum_type": null, 
   "format": 1
  }, 
  {
   "ftype": "file", 
   "chksum_sha256": "c3a6f6a9e43070f8d4e71201e66ccc12b741ab80ba5a7024ed19583b2e6684f2", 
   "name": "tests/sanity/ignore-2.10.txt", 
   "chksum_type": "sha256", 
   "format": 1
  }, 
  {
   "ftype": "file", 
   "chksum_sha256": "f1b9eadad6524cdcd8c2c13c95e944dd5fc8288f59ff8cf73a0c7a626d4db039", 
   "name": "tests/sanity/ignore-2.9.txt", 
   "chksum_type": "sha256", 
   "format": 1
  }, 
  {
   "ftype": "dir", 
   "chksum_sha256": null, 
   "name": "tools", 
   "chksum_type": null, 
   "format": 1
  }, 
  {
   "ftype": "file", 
   "chksum_sha256": "aa0d7cefef5234cf5e143c769fa537c4142d411e815dd2b2599891f137ac2347", 
   "name": "tools/generate.yml", 
   "chksum_type": "sha256", 
   "format": 1
  }, 
  {
   "ftype": "dir", 
   "chksum_sha256": null, 
   "name": "tools/roles", 
   "chksum_type": null, 
   "format": 1
  }, 
  {
   "ftype": "dir", 
   "chksum_sha256": null, 
   "name": "tools/roles/generate", 
   "chksum_type": null, 
   "format": 1
  }, 
  {
   "ftype": "dir", 
   "chksum_sha256": null, 
   "name": "tools/roles/generate/tasks", 
   "chksum_type": null, 
   "format": 1
  }, 
  {
   "ftype": "file", 
   "chksum_sha256": "3aecc6ba819a7b18e755f80207316a9960c8a8e8ce4eeab7fee798ba91a989fb", 
   "name": "tools/roles/generate/tasks/main.yml", 
   "chksum_type": "sha256", 
   "format": 1
  }, 
  {
   "ftype": "dir", 
   "chksum_sha256": null, 
   "name": "tools/roles/generate/templates", 
   "chksum_type": null, 
   "format": 1
  }, 
  {
   "ftype": "file", 
   "chksum_sha256": "efb9514440cabd3fa05078239a6fda6c843472cf37ef1ac1ee6ab7e049c6dfc9", 
   "name": "tools/roles/generate/templates/tower_module.j2", 
   "chksum_type": "sha256", 
   "format": 1
  }, 
  {
   "ftype": "dir", 
   "chksum_sha256": null, 
   "name": "tools/roles/template_galaxy", 
   "chksum_type": null, 
   "format": 1
  }, 
  {
   "ftype": "dir", 
   "chksum_sha256": null, 
   "name": "tools/roles/template_galaxy/tasks", 
   "chksum_type": null, 
   "format": 1
  }, 
  {
   "ftype": "file", 
   "chksum_sha256": "3f7bb06c829922e770fa5e82e490edce2d2eb4228247f283109fe2cc2c3a93e2", 
   "name": "tools/roles/template_galaxy/tasks/main.yml", 
   "chksum_type": "sha256", 
   "format": 1
  }, 
  {
   "ftype": "dir", 
   "chksum_sha256": null, 
   "name": "tools/roles/template_galaxy/templates", 
   "chksum_type": null, 
   "format": 1
  }, 
  {
   "ftype": "file", 
   "chksum_sha256": "66939d869639961c601fee7065914a232d76fd505ca8c2dbd3e5b6d24bcd6dc8", 
   "name": "tools/roles/template_galaxy/templates/README.md.j2", 
   "chksum_type": "sha256", 
   "format": 1
  }, 
  {
   "ftype": "file", 
   "chksum_sha256": "9d549e115b3fbc22b12cdac959607c73b302183060374bd1be915fd02afd95ec", 
   "name": "tools/roles/template_galaxy/templates/galaxy.yml.j2", 
   "chksum_type": "sha256", 
   "format": 1
  }, 
  {
   "ftype": "file", 
   "chksum_sha256": "87328b1102cb42e5c49a439e725eef477d8013fe6a61889b3251be061c9749de", 
   "name": "tools/template_galaxy.yml", 
   "chksum_type": "sha256", 
   "format": 1
  }, 
  {
   "ftype": "dir", 
   "chksum_sha256": null, 
   "name": "tools/vars", 
   "chksum_type": null, 
   "format": 1
  }, 
  {
   "ftype": "file", 
   "chksum_sha256": "1b7881b3f397d274bf8758f1df94b82f95dcf2438ae0288c5e59e0a92da0c47a", 
   "name": "tools/vars/aliases.yml", 
   "chksum_type": "sha256", 
   "format": 1
  }, 
  {
   "ftype": "file", 
   "chksum_sha256": "47f50cc9015ea57b2217c42d0022476e846acde3c9d3e39745339dc5f08f7ded", 
   "name": "tools/vars/associations.yml", 
   "chksum_type": "sha256", 
   "format": 1
  }, 
  {
   "ftype": "file", 
   "chksum_sha256": "2af0e6f768d2c9d05a62eb01b6dc125d1c7d3a7de7f8a7267dfc5bcd307f0773", 
   "name": "tools/vars/generate_for.yml", 
   "chksum_type": "sha256", 
   "format": 1
  }, 
  {
   "ftype": "file", 
   "chksum_sha256": "af4848ba73eba4d38e06610bf73d30c715a54000a2bbb17dc2096255e2a64a6f", 
   "name": "tools/vars/resolution.yml", 
   "chksum_type": "sha256", 
   "format": 1
  }, 
  {
   "ftype": "file", 
   "chksum_sha256": "c4cfcf4390c7d64356e4ea14521ebda56db71d2a1cb0eebcd83002f4c706d726", 
   "name": "tools/vars/examples.yml", 
   "chksum_type": "sha256", 
   "format": 1
  }
 ], 
 "format": 1
}